OBJECT_NAME,OBJECT_ID,EPOCH,MEAN_MOTION,ECCENTRICITY,INCLINATION,RA_OF_ASC_NODE,ARG_OF_PERICENTER,MEAN_ANOMALY,EPHEMERIS_TYPE,CLASSIFICATION_TYPE,NORAD_CAT_ID,ELEMENT_SET_NO,REV_AT_EPOCH,BSTAR,MEAN_MOTION_DOT,MEAN_MOTION_DDOT
OPS 6582 (TRANSIT 5B-5),1964-083D,2026-06-10T14:46:49.161792,13.57012227,.00396664,90.0765,202.9874,298.4677,176.4421,0,U,965,999,4272,.81821082E-4,.67E-6,0
LES-1,1965-008C,2026-06-10T08:42:44.025120,9.88354979,.00156093,32.1457,60.8691,245.9496,113.9368,0,U,1002,999,21551,-.12486036E-2,-.1E-7,0
SOLRAD 7B,1965-016D,2026-06-10T14:04:16.505760,13.94974909,.00191327,70.0794,250.2967,134.8407,225.4258,0,U,1291,999,11578,.32486228E-4,-.8E-7,0
SECOR 4 (EGRS 4),1965-027B,2026-06-10T14:20:25.022112,12.92667572,.00300552,90.2498,15.4294,215.0440,200.3479,0,U,1315,999,88607,.27210966E-3,.81E-6,0
TIROS 10,1965-051A,2026-06-10T14:07:17.918112,14.41628644,.00564684,98.5031,280.9483,98.7581,262.0009,0,U,1430,999,19496,.5531473E-4,.139E-5,0
ALOUETTE 2,1965-098A,2026-06-10T13:35:34.587456,12.28337899,.13296843,79.8015,282.2885,245.9664,99.6842,0,U,1804,999,67846,.1390683E-3,.418E-5,0
OV3-3,1966-070A,2026-06-10T14:13:47.780832,13.45165047,.10126861,81.3252,336.8306,174.7737,186.5026,0,U,2389,999,59808,.67986909E-3,.15189E-3,0
SECOR 7 (EGRS 7),1966-077B,2026-05-31T19:23:56.009760,8.59615314,.0011654,90.3353,277.2466,75.1080,285.1061,0,U,2411,999,87597,-.94660848E-2,-.17E-6,0
ERS 15,1966-077C,2026-05-30T06:48:48.924576,8.59079282,.00073123,90.3351,277.0217,86.0359,274.1328,0,U,2412,999,38892,0,.2E-7,0
ISIS 1,1969-009A,2026-06-10T04:47:04.706592,11.30433019,.1706046,88.4420,145.1675,262.3499,78.1416,0,U,3669,999,35898,.53146E-4,.71E-6,0
SECOR 13 (EGRS 13),1969-037B,2026-06-10T14:43:47.968032,13.42976767,.0038665,99.6499,33.3860,267.5617,157.0681,0,U,3891,999,80087,.20944948E-4,-.31E-6,0
ATS 5,1969-069A,2026-06-10T12:20:31.693344,0.99497597,.00052471,0.2486,155.5101,124.0639,324.6132,0,U,4068,999,4626,0,-.223E-5,0
OPS 7613 (P/L 4),1969-082E,2026-06-10T14:23:03.992928,13.95995424,.00188462,70.0138,117.9637,145.0037,34.5524,0,U,4237,999,88538,.52651376E-4,.19E-6,0
OPS 7613 (P/L 1),1969-082B,2026-06-10T14:06:47.594304,13.99195995,.00171908,70.0102,339.1915,71.6795,288.6181,0,U,4256,999,88954,.86511467E-4,.72E-6,0
SHINSEI (MS-F2),1971-080A,2026-06-10T14:03:41.753952,12.74251956,.06396246,32.0530,131.6932,355.4192,4.0749,0,U,5485,999,54841,.67665088E-4,.51E-6,0
PROSPERO (BLACK ARROW),1971-093A,2026-06-10T07:15:45.058176,14.01593999,.05001575,82.0386,296.8728,246.8235,107.9513,0,U,5580,999,74756,.23025629E-3,.1078E-4,0
OPS 7898 (P/L 2),1971-110C,2026-06-10T14:55:44.789088,13.74758322,.00081964,69.9904,16.4695,195.6835,164.4006,0,U,5680,999,34731,.47230139E-4,-.5E-7,0
NOAA 2 (ITOS-D),1972-082A,2026-06-10T14:10:10.407072,12.53214761,.00041643,102.0074,180.0897,176.9912,304.9205,0,U,6235,999,45412,.11785724E-3,-.28E-6,0
OSCAR 7 (AO-7),1974-089B,2026-06-10T06:45:47.157984,12.53697951,.0012501,101.9901,174.4563,142.9960,284.8697,0,U,7530,999,35965,.84573E-4,-.33E-6,0
TIROS N,1978-096A,2026-06-10T13:58:23.452032,14.19373268,.00091395,98.4531,182.9343,260.5525,99.4618,0,U,11060,999,67781,.67385698E-4,.1E-5,0
PHASE 3B (AO-10),1983-058B,2026-06-07T04:08:14.383680,2.05872980,.60142661,25.9048,221.2242,112.9115,319.2048,0,U,14129,999,29528,0,-.194E-5,0
HILAT,1983-063A,2026-06-10T12:04:42.769056,14.38707193,.00381928,82.0231,167.2405,312.4630,161.7667,0,U,14154,999,24662,.10173945E-3,.33E-5,0
UOSAT 2 (UO-11),1984-021B,2026-06-10T04:10:08.710752,14.90765931,.00069809,97.8055,126.8269,196.0557,164.0441,0,U,14781,999,25608,.12370125E-3,.116E-4,0
NOAA 9,1984-123A,2026-06-10T13:50:50.512128,14.17066416,.00148357,99.0989,188.0614,12.9851,102.7748,0,U,15427,999,14248,.64231116E-4,.83E-6,0
GEOSAT,1985-021A,2026-06-10T14:51:24.799392,14.39963246,.00012645,108.0434,67.7802,283.1904,76.9097,0,U,15595,999,16182,.67766914E-4,.78E-6,0
EUTELSAT 1-F4 (ECS 4),1987-078B,2026-06-10T06:24:03.424320,0.98691179,.0011178,13.8334,342.1769,43.3250,319.8177,0,U,18351,999,12669,0,-.217E-5,0
PACSAT (AO-16),1990-005D,2026-06-10T15:00:38.151648,14.33934604,.00095326,98.8524,197.1507,248.7150,228.9814,0,U,20439,999,90099,.52724959E-4,.1E-5,0
LUSAT (LO-19),1990-005G,2026-06-10T13:17:39.635808,14.34121162,.00107749,98.8852,183.1766,221.6340,138.4024,0,U,20442,999,90144,.52314203E-4,.1E-5,0
IRS-1B,1991-061A,2026-06-10T14:48:19.363392,13.97874026,.00249263,99.4109,169.3991,23.6065,94.2742,0,U,21688,999,66757,.26874977E-3,.335E-5,0
COSMOS 2197,1992-042A,2026-06-10T14:13:33.365856,12.64251932,.00113885,82.5943,233.1468,290.3998,183.3655,0,U,22034,999,56445,-.35292737E-4,.4E-7,0
PEGASUS R/B,1993-009C,2026-06-10T14:52:52.931712,14.57962119,.00441004,24.9764,131.3428,36.5243,323.8264,0,U,22491,999,76867,.14085943E-3,.871E-5,0
EYESAT A (AO-27),1993-061C,2026-06-10T10:14:55.156992,14.30940455,.00094356,98.6881,228.8428,117.2772,242.9373,0,U,22825,999,70603,.45161916E-4,.74E-6,0
ITAMSAT (IO-26),1993-061D,2026-06-10T09:48:10.590624,14.31367133,.0010048,98.6829,228.7410,102.5360,257.6948,0,U,22826,999,70634,.44367828E-4,.73E-6,0
RADIO ROSTO (RS15),1994-085A,2026-06-10T11:08:35.489760,11.27583632,.01557399,64.8187,314.0890,5.1201,355.1274,0,U,23439,999,29514,.72412525E-4,-.4E-6,0
JAS-2 (FO-29),1996-046B,2026-06-10T13:59:35.074176,13.53273851,.03508075,98.5246,11.3599,113.5240,250.3166,0,U,24278,999,47227,.38836938E-4,.6E-7,0
FORTE,1997-047A,2026-06-10T08:52:56.060256,14.27942497,.00245408,69.9542,29.4197,285.6380,74.2034,0,U,24920,999,49771,.70070361E-4,.116E-5,0
NOAA 15,1998-030A,2026-06-10T14:17:25.514016,14.27144513,.00104582,98.5067,182.4060,13.8846,346.2621,0,U,25338,999,46035,.62925606E-4,.111E-5,0
TECHSAT 1B (GO-32),1998-043D,2026-06-10T12:45:46.533312,14.24427136,.0000675,99.0066,154.1227,179.7383,180.3795,0,U,25397,999,45038,.43187328E-4,.53E-6,0
ISS (ZARYA),1998-067A,2026-06-10T09:59:31.702560,15.49162374,.00058814,51.6361,333.6061,172.3680,187.7399,0,U,25544,999,57070,.10451669E-3,.5345E-4,0
ORSTED,1999-008B,2026-06-10T11:53:27.689568,14.51802284,.0131082,96.4831,70.5306,207.4640,151.9592,0,U,25635,999,44099,.82301742E-4,.337E-5,0
LANDSAT 7,1999-020A,2026-06-10T14:57:26.303040,14.63911261,.00018131,97.8579,165.5596,93.6157,18.5703,0,U,25682,999,44488,.77976563E-4,.363E-5,0
ORBCOMM FM36,1999-065E,2026-06-10T09:00:21.949920,14.39184690,.00053555,45.0370,191.9251,284.4882,75.5373,0,U,25984,999,38600,.2442941E-3,.621E-5,0
DMSP 5D-3 F15 (USA 147),1999-067A,2026-06-10T14:23:21.355872,14.17562588,.0010404,98.9963,200.0719,27.2360,87.9966,0,U,25991,999,36971,.88849679E-4,.135E-5,0
OPAL (OO-38),2000-004C,2026-06-10T13:36:44.867808,14.37962127,.00364453,100.1912,97.1689,54.4107,306.0461,0,U,26063,999,38233,.56335705E-4,.112E-5,0
IMAGE,2000-017A,2026-06-08T09:09:06.780672,1.68665472,.7438912,94.2210,315.2579,288.8048,8.8428,0,U,26113,999,16135,.15647506E-1,.33E-6,0
CLUSTER II-FM7 (SAMBA),2000-041A,2026-06-10T10:42:37.438560,0.44840364,.90481912,149.9132,49.6129,266.6863,359.9829,0,U,26410,999,2028,0,.4459E-4,0
CLUSTER II-FM8 (TANGO),2000-045B,2026-06-08T10:24:33.752736,0.44412171,.90507473,150.1501,50.3668,267.2621,3.1770,0,U,26464,999,2027,0,.4392E-4,0
MEGSAT-1,2000-057B,2026-06-10T12:02:15.012960,15.05458863,.0042001,64.5498,90.5362,284.5860,75.0601,0,U,26546,999,39665,.18785343E-3,.2577E-4,0
PHASE 3D (AO-40),2000-072B,2026-06-09T10:00:38.139840,1.25588197,.79309292,9.4389,352.1549,176.0367,200.7354,0,U,26609,999,11741,0,-.43E-6,0
ODIN,2001-007A,2026-06-10T14:42:24.728544,15.73638419,.00065541,97.3853,202.1427,151.3239,208.8386,0,U,26702,999,38836,.10092693E-2,.143252E-2,0
OMNI-M1,2001-026A,2026-06-07T00:52:23.982816,3.92401508,.00145,44.8338,247.6044,52.1985,307.9833,0,U,26857,999,20517,0,-.11E-6,0
PCSAT (NO-44),2001-043C,2026-06-10T14:15:08.093952,14.31953756,.00061037,67.0510,261.3249,264.3333,95.7073,0,U,26931,999,28950,.55711E-4,.66E-6,0
PROBA-1,2001-049B,2026-06-10T13:34:02.522208,15.07469400,.00556819,97.9603,169.8662,144.1033,216.3955,0,U,26958,999,34262,.17812258E-3,.2726E-4,0
SPOT 5,2002-021A,2026-06-10T15:17:21.595200,14.54746922,.01283288,97.9848,200.7899,297.1283,61.6875,0,U,27421,999,26189,.56422447E-4,.219E-5,0
FENGYUN 1D,2002-024B,2026-06-10T14:53:58.965504,14.10223724,.00143289,98.9519,211.9809,260.7630,99.1919,0,U,27431,999,23855,.30815647E-4,.1E-6,0
SAUDISAT 1C (SO-50),2002-058C,2026-06-10T09:53:19.735872,14.83031935,.00753998,64.5505,149.9474,263.7335,95.5179,0,U,27607,999,26345,.12205633E-3,.888E-5,0
CORIOLIS,2003-001A,2026-06-10T13:45:47.152224,14.19943013,.00130596,98.7126,168.5592,228.9294,131.0755,0,U,27640,999,21328,.61618233E-4,.87E-6,0
CUTE-1 (CO-55),2003-031E,2026-06-10T07:02:25.997280,14.24331486,.0009062,98.6735,169.9388,198.4654,161.6197,0,U,27844,999,19069,.12935E-3,.255E-5,0
CUBESAT XI-IV (CO-57),2003-031J,2026-06-10T13:25:40.037088,14.23617305,.00086366,98.6767,169.9197,217.5980,142.4596,0,U,27848,999,19043,.11308922E-3,.214E-5,0
MOZHAETS 4 (RS22),2003-042A,2026-06-10T15:07:22.937376,14.73456279,.00100791,98.3475,345.8042,293.1331,155.0167,0,U,27939,999,21458,.16034468E-3,.987E-5,0
IRS-P6 (RESOURCESAT-1),2003-046A,2026-06-10T15:04:36.144768,14.36160402,.00643203,98.1911,198.4630,3.1485,154.9252,0,U,28051,999,17958,.63569406E-4,.149E-5,0
SAUDISAT 2,2004-025F,2026-06-10T12:05:00.583008,14.56679989,.00238731,98.5506,161.3127,319.6344,40.3081,0,U,28371,999,16477,.64243332E-4,.238E-5,0
COSMOS 2407,2004-028A,2026-06-10T13:07:34.627584,13.76334267,.00377866,82.9609,79.7520,271.2249,267.4894,0,U,28380,999,9896,.30670892E-4,.45E-6,0
COSMOS 2414,2005-002A,2026-06-10T09:35:41.364384,13.87926028,.00399712,82.9504,48.7810,350.8579,9.1852,0,U,28521,999,8287,.29026614E-4,.5E-6,0
INMARSAT 4-F1,2005-009A,2026-06-10T08:56:38.746752,1.00271523,.00026256,5.1579,42.7408,40.3604,127.9169,0,U,28628,999,7760,0,.47E-6,0
HAMSAT (VO-52),2005-017B,2026-06-10T13:28:00.191712,15.09667831,.00205336,97.9905,184.3499,62.0180,298.3123,0,U,28650,999,14576,.26717777E-3,.4252E-4,0
NOAA 18,2005-018A,2026-06-10T14:39:32.173920,14.13728072,.00145752,98.8112,241.3829,165.5816,194.5776,0,U,28654,999,8538,.39965512E-4,.32E-6,0
SJ-7,2005-024A,2026-06-10T13:54:50.410368,15.21440756,.0016946,97.7292,191.5058,59.4267,300.8637,0,U,28737,999,14702,.31936967E-3,.7128E-4,0
CUBESAT XI-V,2005-043F,2026-06-10T08:04:02.584128,14.72613094,.00132191,98.2977,316.8144,223.4430,136.5736,0,U,28895,999,10074,.20389042E-3,.1246E-4,0
CLOUDSAT,2006-016A,2026-06-10T14:52:10.427232,14.86380636,.00052195,98.3930,198.5460,8.8184,351.3121,0,U,29107,999,7353,.11127776E-3,.921E-5,0
CALIPSO,2006-016B,2026-06-10T14:57:51.323616,14.69336571,.00010337,98.4470,177.0635,77.6269,282.5051,0,U,29108,999,7209,.16566384E-3,.926E-5,0
HINODE (SOLAR-B),2006-041A,2026-06-10T13:50:15.383616,14.68613960,.00162776,98.0549,177.8265,312.4716,47.5113,0,U,29479,999,5390,.11674838E-3,.63E-5,0
METOP-A,2006-044A,2026-06-10T13:46:58.999872,14.75951658,.01752372,98.3324,268.0687,90.5425,99.7109,0,U,29499,999,2447,.22851246E-3,.1956E-4,0
SHIJIAN-6 02B (SJ-6 02B),2006-046B,2026-06-10T14:45:31.641120,15.01361321,.00149236,97.7165,190.7144,79.2420,281.0484,0,U,29506,999,6975,.12313638E-3,.1529E-4,0
DMSP 5D-3 F17 (USA 191),2006-050A,2026-06-10T14:14:42.058176,14.14992135,.00113063,98.7378,168.2985,76.2561,283.9870,0,U,29522,999,1149,.28783301E-4,.13E-6,0
LAPAN-TUBSAT,2007-001A,2026-06-10T14:06:31.843584,14.85942210,.0011354,98.1346,160.6634,201.5439,158.5300,0,U,29709,999,5017,-.8654317E-5,-.133E-5,0
HAIYANG-1B,2007-010A,2026-06-10T12:03:26.017344,14.31025222,.00126273,98.3491,143.6069,217.0922,142.9390,0,U,31113,999,99967,.46122611E-4,.8E-6,0
BEIDOU-2 M1,2007-011A,2026-06-09T11:39:37.139328,1.77349255,.00020501,50.9327,219.5346,317.7003,42.3652,0,U,31115,999,7601,0,.43E-6,0
CAPE-1,2007-012P,2026-06-10T11:25:50.916864,14.64855790,.00848972,98.4459,135.7915,92.0853,269.0074,0,U,31130,999,1737,.23127672E-3,.1247E-4,0
CBERS 2B,2007-042A,2026-06-10T14:25:21.615168,14.41472644,.00309996,98.3922,106.3653,357.0857,181.2560,0,U,32062,999,98373,.77285122E-4,.209E-5,0
COSMO-SKYMED 2,2007-059A,2026-06-10T14:42:01.252800,14.82149442,.00013995,97.8885,345.3060,85.2265,274.9108,0,U,32376,999,103,.50623511E-4,.351E-5,0
CARTOSAT-2A,2008-021A,2026-06-10T14:53:18.581280,14.79228877,.00128508,97.7638,210.5532,128.1449,232.0923,0,U,32783,999,97783,.10513841E-3,.732E-5,0
CUTE-1.7+APD II (CO-65),2008-021C,2026-06-10T14:52:12.191520,15.09391098,.00103269,97.8272,142.9015,58.2820,301.9414,0,U,32785,999,98420,.31564414E-3,.4983E-4,0
SEEDS II (CO-66),2008-021J,2026-06-10T11:25:37.431552,15.32520473,.00020419,97.7516,159.0539,26.6798,333.4547,0,U,32791,999,98626,.52178897E-3,.1632E-3,0
YUBILEINY (RS30),2008-025A,2026-06-10T13:54:49.611168,12.43179004,.00191418,82.5049,359.5514,328.8344,31.1600,0,U,32953,999,81887,.26933123E-3,.47E-6,0
FENGYUN 3A,2008-026A,2026-06-10T13:30:29.136672,14.19569818,.00093128,98.6882,102.5200,141.1967,218.9879,0,U,32958,999,93446,.46024402E-4,.54E-6,0
HUANJING 1A (HJ-1A),2008-041A,2026-06-10T15:01:10.214688,14.83969301,.00193586,97.6682,147.7180,155.4370,204.7771,0,U,33320,999,95743,.53664977E-4,.396E-5,0
HUANJING 1B (HJ-1B),2008-041B,2026-06-10T14:12:21.612384,14.83305460,.0035445,97.6517,150.8772,202.9765,156.9866,0,U,33321,999,95743,.11676739E-3,.914E-5,0
SHIJIAN-6 03A (SJ-6 03A),2008-053A,2026-06-10T15:37:40.542816,15.17103036,.00123455,97.8415,194.7451,41.2025,319.0136,0,U,33408,999,96197,.29801767E-3,.5845E-4,0
SHIJIAN-6 03B (SJ-6 03B),2008-053B,2026-06-10T15:32:35.881728,15.04292829,.00211561,97.8588,181.4309,65.2297,295.1127,0,U,33409,999,96176,.99410372E-4,.1325E-4,0
CHUANGXIN 1-02 (CX-1-02),2008-056B,2026-06-10T15:37:33.078720,14.30151894,.00146294,98.6141,187.9832,154.9648,205.2247,0,U,33434,999,91768,.41561541E-4,.64E-6,0
STARS (KUKAI),2009-002G,2026-06-10T14:18:22.967424,14.95703110,.00083489,98.1540,108.6356,179.7402,180.3824,0,U,33498,999,93749,.33912751E-3,.3715E-4,0
KKS-1 (KISEKI),2009-002H,2026-06-10T12:14:19.387104,14.83106801,.00069162,98.1192,83.8464,321.1426,38.9289,0,U,33499,999,93520,.15146337E-3,.1178E-4,0
NOAA 19,2009-005A,2026-06-10T14:36:16.931520,14.13473200,.00145679,98.9520,232.4784,52.1837,308.0652,0,U,33591,999,89355,.34864673E-4,.21E-6,0
UK-DMC 2,2009-041C,2026-06-10T15:36:10.995264,14.76026394,.00012856,97.8825,296.7769,75.5971,284.5382,0,U,35683,999,90560,.49918734E-4,.294E-5,0
METEOR-M 1,2009-049A,2026-06-10T11:12:01.238400,14.23155436,.00019841,98.7382,123.9887,359.7535,0.3642,0,U,35865,999,86829,.50606164E-4,.7E-6,0
OCEANSAT-2,2009-051A,2026-06-10T14:56:54.741120,13.99664567,.00147499,98.2324,149.1291,256.0823,103.8704,0,U,35931,999,87841,.55190039E-4,.43E-6,0
SWISSCUBE,2009-051B,2026-06-09T17:04:01.608672,14.62467613,.00055621,98.4042,68.4691,230.1201,129.9511,0,U,35932,999,88806,.19187016E-3,.922E-5,0
BEESAT-1,2009-051C,2026-06-10T12:54:53.824608,14.61709764,.00039441,98.3971,68.9599,243.2961,116.7836,0,U,35933,999,88821,.15360051E-3,.716E-5,0
ITUPSAT1,2009-051E,2026-06-09T23:24:07.439040,14.60430038,.00061248,98.4056,67.5878,261.1078,98.9428,0,U,35935,999,88768,.14898186E-3,.673E-5,0
DMSP 5D-3 F18 (USA 210),2009-057A,2026-06-10T13:32:51.178272,14.14893050,.00098481,98.9035,142.3480,270.6239,89.3806,0,U,35951,999,85865,.14666302E-3,.239E-5,0
PROBA-2,2009-059B,2026-06-10T12:00:40.118976,14.54859541,.00121625,98.2450,344.9461,304.8892,55.1161,0,U,36037,999,88055,.49671138E-4,.168E-5,0
YAOGAN-7,2009-069A,2026-06-10T14:09:03.758976,14.78003181,.00258886,98.0081,47.4972,62.1124,298.2704,0,U,36110,999,88865,.65797534E-4,.424E-5,0
XIWANG-1 (HOPE-1),2009-072B,2026-06-10T15:10:01.335360,13.16437396,.00068051,100.4020,115.5685,248.1786,111.8603,0,U,36122,999,79214,-.63979584E-3,-.289E-5,0
RADUGA-1M 2,2010-002A,2026-06-10T04:38:49.748640,0.98969324,.0005791,3.6018,78.9436,266.3368,324.5714,0,U,36358,999,4995,0,-.211E-5,0
COSMOS 2463,2010-017A,2026-06-10T15:15:15.012288,13.71665277,.00370312,82.9607,254.5190,146.5328,326.6460,0,U,36519,999,80703,.20049673E-4,.34E-6,0
CARTOSAT-2B,2010-035A,2026-06-10T15:22:06.439584,14.78654636,.00106623,97.9957,212.2319,205.7507,154.3174,0,U,36795,999,85888,.1461933E-3,.102E-4,0
AISSAT 1,2010-035C,2026-06-10T12:39:43.361280,14.97330485,.00105973,98.0925,60.5363,82.2569,277.9854,0,U,36797,999,86322,.20910434E-3,.2366E-4,0
TISAT 1,2010-035E,2026-06-10T14:00:39.205440,15.31457089,.00004649,98.0700,107.5480,172.0395,188.0852,0,U,36799,999,86669,.59832062E-3,.18113E-3,0
YAOGAN-10,2010-038A,2026-06-10T15:08:33.076896,14.85327689,.00016218,97.8981,185.0876,88.5940,59.9550,0,U,36834,999,85623,.15164732E-3,.125E-4,0
SHIJIAN-6 04B (SJ-6 04B),2010-051B,2026-06-10T14:47:05.525088,14.99299198,.00089096,97.8685,166.9594,335.2444,24.8350,0,U,37180,999,85469,.88288736E-4,.1017E-4,0
FENGYUN 3B,2010-059A,2026-06-10T15:59:06.390816,14.14839772,.00215057,98.9624,207.6531,202.7596,268.3796,0,U,37214,999,80650,.19415141E-4,-.8E-7,0
COSMO-SKYMED 4,2010-060A,2026-06-10T15:00:14.991264,14.82148734,.0001437,97.8892,345.3206,80.9795,279.1581,0,U,37216,999,84359,.58471244E-4,.413E-5,0
O/OREOS (USA 219),2010-062C,2026-06-10T13:35:11.132448,14.93715981,.00124245,71.9706,95.3363,77.5503,282.7057,0,U,37224,999,11565,.20272838E-3,.2087E-4,0
ELEKTRO-L 1 (GOMS 2),2011-001A,2026-06-10T05:55:48.423072,1.00155788,.0004156,9.6694,54.5745,30.9146,153.4586,0,U,37344,999,5641,0,-.45E-6,0
RESOURCESAT-2,2011-015A,2026-06-10T14:43:52.744224,14.21605005,.0010121,98.7644,229.1008,276.7258,83.2767,0,U,37387,999,78524,.4159475E-4,.47E-6,0
YOUTHSAT,2011-015B,2026-06-10T12:01:12.802368,14.25627595,.00146418,98.3679,135.8565,6.8379,115.9717,0,U,37388,999,78668,.85721774E-4,.162E-5,0
APRIZESAT 6,2011-044F,2026-06-10T14:04:24.179808,14.76905986,.00444123,98.2371,71.9511,106.5122,14.7860,0,U,37793,999,79617,.96098408E-4,.63E-5,0
JUGNU,2011-058B,2026-06-10T06:10:14.788704,14.13774890,.0018562,19.9621,350.5295,359.9630,156.5973,0,U,37839,999,75804,.69141E-4,.399E-5,0
SRMSAT,2011-058D,2026-06-10T12:35:17.199168,14.11574150,.00119228,19.9713,99.7947,130.6142,29.5560,0,U,37841,999,75687,.49378482E-4,.356E-5,0
SUOMI NPP,2011-061A,2026-06-10T13:46:23.092896,14.19516020,.00018998,98.7953,102.4951,21.8270,338.2987,0,U,37849,999,75750,.49156439E-4,.59E-6,0
YAOGAN-12,2011-066B,2026-06-10T15:29:14.491968,15.26525625,.0008223,97.1150,200.5218,244.1175,115.9217,0,U,37875,999,81104,.3137646E-3,.8136E-4,0
BEIDOU-2 M4,2012-018B,2026-06-09T14:29:07.108800,1.86229817,.00111465,55.6651,304.3456,277.0468,82.8157,0,U,38251,999,9580,0,-.6E-6,0
ARIRANG-3 (KOMPSAT-3),2012-025B,2026-06-10T14:24:19.184256,14.62200374,.00064193,98.1174,119.1740,126.1568,234.0228,0,U,38338,999,75038,.82025827E-4,.367E-5,0
HORYU-2,2012-025D,2026-06-10T07:51:04.119264,14.91028242,.00077625,98.2163,293.9838,195.3167,164.7817,0,U,38340,999,74770,.32994805E-3,.3205E-4,0
CSSWE,2012-048D,2026-06-10T07:09:34.019424,15.44128090,.0048114,64.6611,116.8214,175.9164,184.2376,0,U,38761,999,11533,.51229E-3,.24446E-3,0
CP5,2012-048F,2026-06-10T07:47:44.398752,15.27616329,.00798669,64.6434,175.2658,178.5541,181.5835,0,U,38763,999,11571,.33100708E-3,.9642E-4,0
METOP-B,2012-049A,2026-06-10T13:44:53.107296,14.21430905,.00026255,98.6506,213.2038,35.3149,324.8202,0,U,38771,999,71232,.5793355E-4,.83E-6,0
SJ-9A,2012-056A,2026-06-10T13:30:57.570912,14.85460595,.00239136,97.6705,133.7542,280.0064,79.8453,0,U,38860,999,69860,.14173871E-3,.1175E-4,0
COSMOS 2484 (RODNIK-S 6),2013-001C,2026-06-10T15:01:35.014080,12.42938675,.00271275,82.5019,225.9713,50.5893,309.7582,0,U,39059,999,60774,-.3484245E-3,-.38E-6,0
SARAL,2013-009A,2026-06-10T14:47:44.412000,14.32854299,.00010665,98.5557,348.2671,343.6395,16.4755,0,U,39086,999,69466,.46573363E-4,.83E-6,0
AAUSAT 3,2013-009B,2026-06-10T05:33:52.379136,14.39930829,.0010389,98.3702,345.1844,228.8767,131.1525,0,U,39087,999,69617,.19332E-3,.565E-5,0
STRAND-1,2013-009E,2026-06-10T05:35:36.828096,14.37159178,.0007466,98.3921,341.6387,249.0407,110.9981,0,U,39090,999,69606,.1011E-3,.258E-5,0
BRITE-AUSTRIA,2013-009F,2026-06-10T07:30:07.954848,14.36539349,.00089765,98.3993,340.9187,259.7198,100.2977,0,U,39091,999,69606,.66105194E-4,.151E-5,0
UNIBRITE,2013-009G,2026-06-10T01:05:40.479360,14.36410449,.00079037,98.4032,340.7675,256.4595,103.5712,0,U,39092,999,69596,.72936935E-4,.171E-5,0
AIST-2 (RS43),2013-015D,2026-06-10T15:19:51.767040,15.26230879,.00189921,64.8694,278.7434,246.6100,113.3033,0,U,39133,999,72290,.20928006E-3,.526E-4,0
GAOFEN-1,2013-018A,2026-06-10T15:00:09.721728,14.76528932,.00158241,97.9094,233.8262,289.7619,70.1884,0,U,39150,999,70727,.37083935E-4,.208E-5,0
NEE-01 PEGASO,2013-018B,2026-06-09T21:31:01.316928,14.93627979,.0012551,98.1215,304.8067,181.9337,178.1836,0,U,39151,999,70961,.23819067E-3,.2457E-4,0
TURKSAT-3USAT,2013-018C,2026-06-10T12:40:32.729376,14.96383848,.00134965,97.7921,252.3810,120.4790,239.7766,0,U,39152,999,71009,.30463442E-3,.3398E-4,0
CUBEBUG-1 (CAPITAN BETO),2013-018D,2026-06-09T16:24:01.534176,14.97257943,.00116063,98.1665,320.2916,167.2381,192.9136,0,U,39153,999,70994,.20960871E-3,.2367E-4,0
PROBA-V,2013-021A,2026-06-10T12:17:50.057088,14.23595585,.00048636,98.3581,140.4487,139.3348,220.8195,0,U,39159,999,68016,.4755031E-4,.67E-6,0
ESTCUBE 1,2013-021C,2026-06-09T21:35:41.850816,14.81378596,.0009198,97.7296,215.3409,47.1793,313.0192,0,U,39161,999,70394,.18638633E-3,.1407E-4,0
ARIRANG-5 (KOMPSAT-5),2013-042A,2026-06-10T15:33:20.235168,15.04474650,.00047031,97.6219,348.4411,138.8258,221.3324,0,U,39227,999,70287,.10523075E-3,.1411E-4,0
GONETS-M 5,2013-048A,2026-06-10T14:16:19.393824,12.42891391,.00158438,82.4837,347.4935,225.5659,134.4125,0,U,39249,999,57806,-.14575151E-3,-.1E-6,0
GONETS-M 7,2013-048C,2026-06-10T15:19:04.140768,12.42914298,.00166185,82.4904,350.3853,226.8919,133.0771,0,U,39251,999,57802,.1603883E-5,.1E-6,0
FENGYUN 3C,2013-052A,2026-06-10T14:42:02.027808,14.15753556,.00155688,98.4976,135.7894,45.6030,314.6416,0,U,39260,999,65763,.63845188E-4,.84E-6,0
CASSIOPE,2013-055A,2026-06-10T12:49:50.551968,15.24573915,.0295025,80.9145,74.7951,84.7435,278.7385,0,U,39265,999,66665,.45670273E-3,.41526E-3,-.581479E-6
APRIZESAT 7,2013-066A,2026-06-10T13:54:34.322688,14.91550159,.0034535,97.7706,114.8946,231.7576,128.0533,0,U,39416,999,68024,.84321786E-4,.796E-5,0
ZACUBE-1 (TSHEPISOSAT),2013-066B,2026-06-10T03:24:07.668288,15.01145439,.00401131,97.8088,123.4403,272.4357,87.2274,0,U,39417,999,67967,.25692287E-3,.3283E-4,0
APRIZESAT 8,2013-066K,2026-06-10T01:53:45.574080,14.87638823,.0044754,97.8219,108.6462,310.6608,49.0722,0,U,39425,999,67861,.10783461E-3,.941E-5,0
CINEMA-3 (KHUSAT-2),2013-066L,2026-06-10T15:28:24.675456,14.78285178,.00886524,97.8408,74.0104,232.9790,126.3287,0,U,39426,999,67348,.12329941E-3,.899E-5,0
TRITON-1,2013-066M,2026-06-10T14:38:21.643008,14.81681229,.00883579,97.8247,71.5661,255.7183,103.4206,0,U,39427,999,67311,.12744639E-3,.1014E-4,0
DELFI-N3XT,2013-066N,2026-06-10T06:49:15.617856,14.95017787,.00730295,97.8343,81.6026,229.0267,130.4621,0,U,39428,999,67359,.36084685E-3,.4099E-4,0
GOMX-1,2013-066Q,2026-06-10T13:56:25.153152,14.69434465,.01301609,97.6495,2.4607,98.5133,263.0849,0,U,39430,999,66894,.23678899E-3,.1546E-4,0
BRITE-PL1 (LEM),2013-066R,2026-06-10T13:47:19.817088,14.51364676,.01906093,97.7957,274.3837,32.1943,329.0725,0,U,39431,999,66297,.85232009E-4,.381E-5,0
ICUBE-1,2013-066S,2026-06-10T12:04:55.943328,15.25674954,.00160026,97.5686,147.0877,2.9442,357.1887,0,U,39432,999,68339,.49168574E-3,.12499E-3,0
VELOX-PII,2013-066Y,2026-06-10T14:25:58.762848,14.93068377,.00530044,97.8732,112.9575,6.6557,353.5354,0,U,39438,999,67685,.31358625E-3,.3294E-4,0
CUBEBUG-2 (LO-74),2013-066AA,2026-06-10T02:18:58.118400,14.93705686,.00590877,97.8902,110.0449,51.9853,308.6680,0,U,39440,999,67593,.32201289E-3,.3464E-4,0
NEE-02 KRYSAOR,2013-066AB,2026-06-10T13:05:44.598048,14.86589658,.00677431,97.8886,100.8079,91.4572,269.4405,0,U,39441,999,67521,.19173345E-3,.1714E-4,0
FUNCUBE-1 (AO-73),2013-066AE,2026-06-10T13:26:25.897344,15.09408570,.00350076,97.8263,132.8674,223.9951,135.8490,0,U,39444,999,67866,.317536E-3,.508E-4,0
HINCUBE,2013-066AF,2026-06-09T20:30:41.222592,15.08196760,.00316209,97.7963,129.2674,233.8758,125.9542,0,U,39445,999,67842,.40893391E-3,.6331E-4,0
UWE-3,2013-066AG,2026-06-10T14:21:38.492352,14.96970973,.00485957,97.8684,117.6280,343.1994,16.7615,0,U,39446,999,67659,.32850626E-3,.3805E-4,0
SMDC ONE 2.4,2013-072H,2026-06-10T11:37:33.654720,15.18055669,.01443625,120.4932,326.2073,11.8868,348.5561,0,U,39469,999,11681,.33537806E-3,.8639E-4,0
CP8 (IPEX),2013-072K,2026-06-10T13:01:11.117856,15.08015826,.01636705,120.4641,273.2056,355.3554,4.5996,0,U,39471,999,11423,.25974037E-3,.5093E-4,0
COSMOS 2488 (RODNIK-S 7),2013-076A,2026-06-10T14:21:20.448576,12.42905546,.00207809,82.4835,172.8003,108.8515,251.4821,0,U,39483,999,56507,.28205611E-3,.49E-6,0
COSMOS 2489 (RODNIK-S 8),2013-076B,2026-06-10T13:45:25.737120,12.42879243,.00226115,82.4872,174.1924,108.9842,251.3690,0,U,39484,999,56512,-.10597768E-3,-.5E-7,0
COSMOS 2490 (RODNIK-S 9),2013-076C,2026-06-10T13:04:56.079264,12.42877914,.00225921,82.4819,172.2802,123.9975,236.3255,0,U,39485,999,56505,.26752421E-3,.47E-6,0
AIST-1 (RS41),2013-078C,2026-06-10T14:31:44.683392,14.96053283,.00154953,82.4153,277.2505,303.0881,56.8852,0,U,39492,999,67426,.14672299E-3,.1676E-4,0
KAZEOSAT 1,2014-024A,2026-06-10T15:19:09.348960,14.42078566,.00014638,98.3203,234.2484,75.7406,284.3947,0,U,39731,999,63761,.14060573E-3,.419E-5,0
COSMOS 2496 (RODNIK-S 10),2014-028A,2026-06-10T13:59:42.309312,12.42878605,.00212896,82.4442,112.8671,92.4804,267.8713,0,U,39761,999,54669,.56394654E-3,.88E-6,0
COSMOS 2497 (RODNIK-S 11),2014-028B,2026-06-10T13:24:13.838400,12.42894039,.00218621,82.4489,114.5696,87.8177,272.5406,0,U,39762,999,54669,.20466054E-3,.38E-6,0
COSMOS 2498 (RODNIK-S 12),2014-028C,2026-06-10T14:48:32.673312,12.42980145,.0022563,82.4451,113.0230,87.2770,273.0892,0,U,39763,999,54673,.27144373E-3,.48E-6,0
COSMOS 2499 (RS47),2014-028E,2026-06-10T13:43:46.223328,12.82902532,.02316562,82.4497,256.8916,17.4629,343.4272,0,U,39765,999,56417,-.21699911E-4,.6E-7,0
HODOYOSHI-4,2014-033B,2026-06-10T13:53:45.753792,14.88110373,.00230275,97.5457,346.7208,331.0581,28.9358,0,U,40011,999,64782,.56224427E-4,.467E-5,0
UNISAT-6,2014-033C,2026-06-10T08:13:14.687904,14.88209392,.00464266,97.7868,314.1760,91.2128,269.4408,0,U,40012,999,64514,.26042012E-3,.2394E-4,0
DEIMOS-2,2014-033D,2026-06-10T14:50:17.613024,14.93712071,.00020057,97.5845,36.3377,57.3416,302.7998,0,U,40013,999,63674,.15580031E-3,.1594E-4,0
BUGSAT-1 (TITA),2014-033E,2026-06-10T13:34:50.367936,15.15514147,.0027553,98.0422,253.7280,200.7327,159.2789,0,U,40014,999,65483,.2697834E-3,.5083E-4,0
SAUDISAT 4,2014-033G,2026-06-10T06:55:04.308384,14.79535246,.0046239,97.7575,307.6620,95.7410,264.9076,0,U,40016,999,64505,.90933414E-4,.641E-5,0
APRIZESAT 9,2014-033J,2026-06-10T14:58:14.367360,14.74205655,.00652438,97.9052,294.9831,220.4748,139.1599,0,U,40018,999,64259,.91505514E-4,.572E-5,0
BRITE-CA1 (TORONTO),2014-033L,2026-06-10T13:59:35.280672,14.72667572,.00773765,97.9731,290.6330,298.5340,60.8094,0,U,40020,999,64124,.98553247E-4,.603E-5,0
DUCHIFAT-1,2014-033M,2026-06-10T10:21:09.914400,15.63249626,.00041976,98.0468,219.6499,126.9864,233.1777,0,U,40021,999,65469,.10615932E-2,.98092E-3,0
NANOSATC-BR1,2014-033Q,2026-06-10T12:58:13.395648,15.31244609,.00037786,98.0734,193.3401,181.7238,178.3988,0,U,40024,999,65296,.49266744E-3,.14797E-3,0
QB50P1,2014-033R,2026-06-10T13:25:18.984000,15.18160069,.00072406,98.0970,172.2408,241.5773,118.4730,0,U,40025,999,65202,.35728158E-3,.7227E-4,0
DTUSAT-2,2014-033W,2026-06-10T12:01:19.334208,15.14932323,.00061861,98.0861,158.8038,253.0774,106.9779,0,U,40030,999,65167,.30624998E-3,.5635E-4,0
QB50P2,2014-033Y,2026-06-10T11:53:58.358112,15.15072964,.00073027,98.0751,157.9598,184.9608,175.1552,0,U,40032,999,65165,.31530919E-3,.5829E-4,0
PERSEUS-M1,2014-033AF,2026-06-10T13:07:03.664416,14.95613103,.0010696,97.9645,105.5698,326.6883,33.3663,0,U,40039,999,64964,.12218588E-3,.1297E-4,0
POLYITAN-1,2014-033AJ,2026-06-10T14:10:50.161440,15.33024156,.00081494,98.0952,187.2288,160.1967,199.9591,0,U,40042,999,65258,.50688944E-3,.16113E-3,0
TIGRISAT,2014-033AK,2026-06-10T04:13:50.355264,14.85135319,.0050709,97.7822,311.3494,97.5926,263.1053,0,U,40043,999,64458,.24109E-3,.2056E-4,0
AISAT,2014-034B,2026-06-10T11:09:52.760736,15.08698884,.00074566,98.2392,73.3824,239.1523,120.8970,0,U,40054,999,64619,.53427541E-3,.8314E-4,0
CANX-4,2014-034C,2026-06-10T14:23:14.364384,14.81252527,.00136037,98.3131,36.6704,37.2327,322.9825,0,U,40055,999,64355,.11135788E-3,.811E-5,0
CANX-5,2014-034D,2026-06-10T14:21:05.595552,14.81269696,.00136144,98.3133,36.7122,37.3826,322.8330,0,U,40056,999,63436,.11204197E-3,.817E-5,0
VELOX-I,2014-034E,2026-06-10T13:52:56.092800,14.97824831,.0006414,98.2547,66.2076,303.6526,56.4082,0,U,40057,999,64561,.36026934E-3,.4171E-4,0
GONETS-M 10,2014-036C,2026-06-10T15:08:36.346272,12.42945606,.00224168,82.5110,311.7477,154.3973,205.8222,0,U,40063,999,54143,.41281741E-3,.67E-6,0
METEOR-M 2,2014-037A,2026-06-10T14:23:01.783680,14.21459460,.00069729,98.5110,137.5710,60.2698,299.9173,0,U,40069,999,61838,.2051739E-5,-.38E-6,0
DX1,2014-037C,2026-06-10T13:53:19.533984,14.89965546,.00059128,98.3861,122.8791,302.1585,57.9057,0,U,40071,999,64512,.18168977E-3,.1688E-4,0
UKUBE-1,2014-037F,2026-06-10T11:46:50.885472,15.13445461,.00021761,98.4238,164.0595,142.7393,217.3987,0,U,40074,999,64754,.45885898E-3,.8128E-4,0
GAOFEN-2,2014-049A,2026-06-10T14:56:04.217856,14.80894215,.00058712,98.0111,225.8360,252.9296,107.1273,0,U,40118,999,63826,.14315254E-3,.1053E-4,0
BRITE-PL2 (HEWELIUSZ),2014-049B,2026-06-10T13:03:51.118560,14.94573225,.00151516,97.9091,273.4936,128.1527,232.1061,0,U,40119,999,64045,.14098481E-3,.1468E-4,0
CBERS 4,2014-079A,2026-06-10T14:59:27.954240,14.35508325,.00019974,98.3534,218.6621,69.6838,290.4562,0,U,40336,999,60301,.13442324E-3,.344E-5,0
SMAP,2015-003A,2026-06-10T14:01:08.658336,14.63360771,.00012804,98.1276,168.7722,93.7026,266.4322,0,U,40376,999,60665,.81225142E-4,.373E-5,0
GONETS-M 11,2015-020A,2026-06-10T15:34:38.606880,12.42876887,.00169029,82.4876,35.0658,19.5525,340.6200,0,U,40552,999,50792,-.13882715E-3,-.9E-7,0
GONETS-M 12,2015-020B,2026-06-10T14:56:34.423296,12.42891132,.0015653,82.4910,36.2043,5.0878,355.0358,0,U,40553,999,50791,.20714519E-3,.39E-6,0
GONETS-M 13,2015-020C,2026-06-10T14:18:13.701888,12.42869970,.00139829,82.4871,34.8380,350.7646,9.3174,0,U,40554,999,50788,-.23058731E-3,-.22E-6,0
DMC3-FM1,2015-032A,2026-06-10T14:31:32.564064,14.85732509,.00072064,97.6476,27.0383,76.7397,283.4622,0,U,40715,999,58893,.72542183E-4,.579E-5,0
DMC3-FM2,2015-032B,2026-06-10T15:03:20.140416,14.85734581,.00076346,97.6528,28.6284,80.7291,279.4787,0,U,40716,999,58893,-.52745E-6,-.56E-6,0
DMC3-FM3,2015-032C,2026-06-10T15:36:51.624864,14.85725242,.00068276,97.6579,30.3995,81.2690,278.9299,0,U,40717,999,58894,.59666844E-4,.467E-5,0
CARBONITE 1 (CBNT-1),2015-032D,2026-06-10T15:21:57.553344,14.83565763,.00136123,97.6509,339.9814,321.2933,38.7305,0,U,40718,999,58837,.15466211E-3,.1225E-4,0
DEORBITSAIL,2015-032E,2026-06-10T13:40:45.124608,15.03760332,.00113956,97.5892,18.5241,256.5482,103.4474,0,U,40719,999,59025,.43477002E-3,.5918E-4,0
2015-049G,2015-049G,2026-06-10T14:18:00.950976,15.65922925,.0004486,97.4564,205.2747,214.3633,145.7337,0,U,40905,999,59541,.37803783E-3,.38457E-3,0
LILACSAT-2,2015-049K,2026-06-10T13:32:09.004704,15.51225787,.00052855,97.4660,198.1544,277.2208,82.8443,0,U,40908,999,59472,.27469889E-3,.15995E-3,0
COSMOS 2507 (RODNIK-S 13),2015-050A,2026-06-10T13:13:42.930912,12.42926752,.00104934,82.4918,83.8009,10.7864,349.3439,0,U,40920,999,48603,.16767658E-3,.33E-6,0
COSMOS 2508 (RODNIK-S 14),2015-050B,2026-06-10T14:04:45.973344,12.42914269,.00153428,82.4871,82.2865,40.4225,319.7992,0,U,40921,999,48602,.33286108E-3,.56E-6,0
COSMOS 2509 (RODNIK-S 15),2015-050C,2026-06-10T14:33:49.090752,12.42883748,.00158236,82.4879,82.3757,56.3179,303.9407,0,U,40922,999,48606,.42687371E-3,.69E-6,0
LQSAT,2015-057A,2026-06-10T13:33:54.967392,14.76776914,.00156614,97.6682,155.2680,297.2431,62.7184,0,U,40958,999,57433,.12208943E-3,.809E-5,0
LINGQIAO VIDEO A,2015-057B,2026-06-10T14:07:47.055648,14.77383123,.00154113,97.6622,156.7164,294.1998,65.7602,0,U,40959,999,57443,.56086505E-4,.351E-5,0
LINGQIAO VIDEO B,2015-057C,2026-06-10T15:12:23.897088,14.77491697,.0015485,97.6588,157.9244,293.8886,66.0702,0,U,40960,999,57448,.12924106E-3,.874E-5,0
JILIN-1,2015-057D,2026-06-10T13:58:37.806528,14.78149605,.00153804,97.6506,161.2771,286.7709,73.1815,0,U,40961,999,57463,.11017094E-3,.75E-5,0
FOX-1A (AO-85),2015-058D,2026-06-10T13:52:15.394080,14.90937599,.01300596,64.7757,299.5219,59.1792,302.2043,0,U,40967,999,11258,.21318416E-3,.2301E-4,0
SINOD-D 1,2015-058E,2026-06-10T14:14:33.679968,14.95863431,.01186722,64.7758,279.5608,55.7108,305.5174,0,U,40968,999,11567,.25226035E-3,.3076E-4,0
ELEKTRO-L 2,2015-074A,2026-06-10T01:14:32.122752,1.00271662,.00008802,6.6749,70.6113,278.5236,273.4303,0,U,41105,999,3843,0,-.102E-5,0
DAMPE,2015-078A,2026-06-10T13:35:19.894272,15.30767705,.00137413,97.4561,167.0009,97.5848,262.6954,0,U,41173,999,58353,.36043192E-4,.996E-5,0
ORBCOMM FM114,2015-081A,2026-06-10T08:02:49.968384,14.58850721,.00020551,47.0059,34.3990,179.4060,180.6828,0,U,41179,999,55675,.1187471E-3,.39E-5,0
ORBCOMM FM110,2015-081D,2026-06-09T23:33:09.477216,14.58869109,.00027774,47.0029,35.5134,34.0124,326.0939,0,U,41182,999,55657,.16934083E-3,.629E-5,0
ORBCOMM FM112,2015-081F,2026-06-10T02:07:51.059424,14.58893591,.0003307,47.0001,303.8133,186.7885,173.2956,0,U,41184,999,55791,.15048331E-3,.54E-5,0
ORBCOMM FM113,2015-081G,2026-06-10T03:12:29.822400,14.58851189,.00018756,47.0018,303.9737,196.8389,163.2434,0,U,41185,999,55790,.11609342E-3,.377E-5,0
ORBCOMM FM108,2015-081J,2026-06-10T10:31:31.887264,14.58863816,.00025953,47.0038,214.1055,194.3868,165.6945,0,U,41187,999,55909,.11555411E-3,.375E-5,0
ORBCOMM FM117,2015-081K,2026-06-09T20:32:52.586880,14.58859516,.00030964,47.0001,215.4948,194.0139,166.0662,0,U,41188,999,55905,.118322E-3,.388E-5,0
ORBCOMM FM116,2015-081L,2026-06-10T02:39:18.778464,14.58872358,.0000962,47.0034,304.0813,15.3603,344.7311,0,U,41189,999,55790,.15515764E-3,.563E-5,0
CHUBUSAT-2,2016-012B,2026-06-10T06:04:58.272672,15.20809471,.0008865,30.9984,6.8874,6.2596,353.8155,0,U,41338,999,56736,.22176E-3,.5133E-4,0
CHUBUSAT-3,2016-012C,2026-06-09T23:23:01.672224,15.18495030,.00093554,31.0056,18.1298,351.4847,8.5634,0,U,41339,999,56710,.20091712E-3,.4361E-4,0
HORYU-4,2016-012D,2026-06-10T02:36:09.976320,15.90526809,.00034613,30.9844,130.8123,226.4757,133.5616,0,U,41340,999,56968,.10043265E-2,.337518E-2,0
ZIYUAN 3-02 (ZY 3-02),2016-033A,2026-06-10T14:42:27.495072,15.21417400,.00114867,97.3837,237.5127,316.0479,43.9843,0,U,41556,999,55698,.20944369E-3,.4639E-4,0
CARTOSAT-2C,2016-040A,2026-06-10T14:32:28.807872,15.19267574,.00101062,97.4490,221.6745,151.3641,208.8151,0,U,41599,999,55271,.22945094E-3,.4776E-4,0
LAPAN-A3,2016-040E,2026-06-10T14:22:20.894880,15.33062590,.00115962,97.1485,157.9611,47.2953,312.9264,0,U,41603,999,55380,.97797841E-4,.3054E-4,0
GAOFEN-3,2016-049A,2026-06-10T15:09:49.133952,14.42214267,.00012558,98.4015,169.5168,99.0307,261.1025,0,U,41727,999,51770,-.6650212E-5,-.65E-6,0
PRATHAM,2016-059A,2026-06-10T11:48:26.748000,14.67186382,.00299222,97.8323,158.6439,238.5925,121.2353,0,U,41783,999,51853,.10413199E-3,.543E-5,0
ALSAT-1N,2016-059G,2026-06-10T13:52:10.776864,14.69296247,.00249518,97.8011,165.2229,206.2808,153.7134,0,U,41789,999,51903,.12813705E-3,.712E-5,0
CAS-2T & KS-1Q,2016-066G,2026-06-10T12:32:00.777408,14.44672243,.03425709,98.3822,237.3346,149.6411,212.5119,0,U,41847,999,50383,.22576155E-3,.1558E-4,0
YUNHAI-1 01,2016-068A,2026-06-10T14:26:18.207168,14.32700738,.00064126,98.5835,172.6702,59.0821,301.0992,0,U,41857,999,50088,.10760596E-3,.249E-5,0
RESOURCESAT-2A,2016-074A,2026-06-10T14:17:43.043712,14.21615971,.00033565,98.7524,235.1539,95.6726,264.4834,0,U,41877,999,49336,.23262314E-3,.466E-5,0
TANSAT,2016-081A,2026-06-10T14:24:45.565632,14.59945850,.00200517,98.5366,161.6635,333.3961,26.6208,0,U,41898,999,50366,.89789652E-4,.381E-5,0
JILIN-1 03,2017-002B,2026-06-10T14:23:01.048416,15.41416418,.0005948,97.1950,168.7772,175.0355,185.0953,0,U,41914,999,52084,.27849024E-3,.1157E-3,0
CARTOSAT-2D,2017-008A,2026-06-10T15:18:50.501664,15.19288751,.0003644,97.4111,221.0666,259.5935,100.4889,0,U,41948,999,51658,.3286065E-3,.6868E-4,0
CARTOSAT-2E,2017-036C,2026-06-10T14:09:21.623904,15.19272646,.00028705,97.4278,221.5013,350.4086,9.7093,0,U,42767,999,49714,.24621588E-3,.5125E-4,0
D-SAT,2017-036AF,2026-06-09T21:47:09.377088,15.16960688,.00816885,97.5551,139.8429,185.6590,174.3729,0,U,42794,999,48975,.2392715E-3,.5072E-4,0
IRIDIUM 113,2017-039A,2026-06-10T13:01:19.239456,14.34217577,.00023131,86.3966,324.9571,89.7987,270.3474,0,U,42803,999,47023,.10769071E-4,.5E-6,0
NORSAT 2,2017-042D,2026-06-09T23:48:54.263808,15.21787997,.00108491,97.4036,334.5486,79.7911,280.4548,0,U,42828,999,48664,.42301636E-3,.9549E-4,0
TECHNOSAT,2017-042E,2026-06-10T08:01:25.312800,15.04911814,.00187834,97.4262,319.2540,115.9185,244.3980,0,U,42829,999,48567,.21641619E-3,.3016E-4,0
FLYING LAPTOP,2017-042G,2026-06-10T14:04:18.188832,15.01103306,.00192663,97.4659,317.3750,143.2925,216.9624,0,U,42831,999,48546,.27764316E-3,.351E-4,0
WNISAT 1R,2017-042L,2026-06-10T03:53:42.382176,15.01732532,.0010304,97.4830,317.5364,171.3310,188.8095,0,U,42835,999,48545,.16998E-3,.2156E-4,0
LEMUR-2-GREENBERG,2017-042N,2026-06-10T11:40:55.835040,15.31122099,.00091868,97.3820,342.1441,37.1811,323.0064,0,U,42837,999,48736,.47226302E-3,.1415E-3,0
LEMUR-2-FURIAUS,2017-042R,2026-06-10T09:50:59.191584,15.30030493,.00085013,97.3771,340.0388,89.8327,270.3888,0,U,42840,999,48717,.5665163E-3,.16426E-3,0
CORVUS BC2,2017-042X,2026-06-09T21:17:54.816864,15.06248195,.00142076,97.4054,322.5225,132.8249,227.4176,0,U,42846,999,48596,.17768664E-3,.2553E-4,0
CORVUS BC1,2017-042Y,2026-06-09T22:46:59.793888,15.06416487,.0013225,97.4081,323.3911,111.4047,248.8593,0,U,42847,999,48600,.20310757E-3,.2939E-4,0
VRSS-2,2017-060A,2026-06-10T15:13:22.727712,14.81183272,.00183616,97.6519,199.6564,118.3993,241.9073,0,U,42954,999,46748,.8155061E-4,.586E-5,0
MOHAMMED VI-A,2017-070A,2026-06-10T15:21:23.224032,14.77063263,.0001504,97.9555,234.0614,73.2732,286.8643,0,U,43005,999,46301,.17346109E-3,.1173E-4,0
FENGYUN 3D,2017-072A,2026-06-10T14:14:12.645888,14.19737266,.00026566,99.0123,135.8962,72.5601,287.5865,0,U,43010,999,44405,-.90686657E-4,-.238E-5,0
CZ-4C R/B,2017-072C,2026-06-10T12:35:39.337440,14.58775567,.01226619,98.5788,269.3065,171.8969,188.4250,0,U,43012,999,45566,.99863253E-4,.461E-5,0
NOAA 20 (JPSS-1),2017-073A,2026-06-10T14:05:22.968096,14.19510532,.00003899,98.7772,101.1084,51.3333,308.7878,0,U,43013,999,44353,.41119178E-4,.42E-6,0
MAKERSAT 0,2017-073D,2026-06-10T15:33:32.813280,15.31868325,.01056621,97.4634,44.1166,296.7150,62.3306,0,U,43016,999,46546,.45163241E-3,.16498E-3,0
RADFXSAT (FOX-1B),2017-073E,2026-06-10T14:14:01.765536,15.12608951,.01505748,97.4719,28.9430,352.0804,7.8050,0,U,43017,999,46439,.34602019E-3,.7911E-4,0
JILIN-1 04,2017-074A,2026-06-10T14:21:45.500256,15.42276051,.00035802,97.4847,271.0365,200.6263,159.4840,0,U,43022,999,47325,.28814337E-3,.12313E-3,0
JILIN-1 05,2017-074B,2026-06-10T14:20:09.441600,15.33772229,.00038942,97.4854,267.6632,242.4547,117.6300,0,U,43023,999,47299,.22695164E-3,.7332E-4,0
JILIN-1 06,2017-074C,2026-06-10T13:38:11.430240,15.33620758,.00053332,97.4782,264.6515,259.8301,100.2340,0,U,43024,999,47282,.15365723E-3,.4914E-4,0
IRIDIUM 116,2017-083C,2026-06-10T12:24:47.160864,14.34217501,.00018903,86.3959,324.7907,95.1571,264.9840,0,U,43072,999,44321,.9049082E-5,.45E-6,0
IRIDIUM 130,2017-083D,2026-06-10T11:39:07.065216,14.34217448,.00018447,86.3964,325.0788,88.6959,271.4448,0,U,43073,999,44315,-.45525168E-4,-.108E-5,0
LKW-2,2017-084A,2026-06-10T14:29:09.659328,15.26255155,.00002289,97.1198,201.7076,213.1086,147.0139,0,U,43080,999,47068,.30104751E-3,.7733E-4,0
SUPERVIEW-1 03,2018-002A,2026-06-10T14:23:08.115936,15.39032629,.00467952,97.3133,246.4481,203.1714,156.7423,0,U,43099,999,46735,.39629416E-3,.15838E-3,0
CARTOSAT-2F,2018-004A,2026-06-10T14:55:24.112704,15.19168749,.00003858,97.4795,221.3206,309.6447,50.4754,0,U,43111,999,46633,.31429668E-3,.6542E-4,0
LKW-3,2018-006A,2026-06-10T14:25:23.974752,15.35123500,.00025613,97.6603,321.9195,353.8679,6.2532,0,U,43146,999,46770,.3744986E-3,.12689E-3,0
ASNARO-2,2018-007A,2026-06-09T16:38:04.030080,15.22436579,.00016335,97.3977,167.7372,87.8452,272.2971,0,U,43152,999,46627,.38323332E-3,.8797E-4,0
JILIN-1 07,2018-008E,2026-06-10T13:44:38.267232,15.34611502,.00101914,97.1776,181.6779,84.6281,275.6125,0,U,43159,999,46398,.23639378E-3,.7864E-4,0
JILIN-1 08,2018-008F,2026-06-10T15:12:45.534240,15.33636152,.00080738,97.1808,181.0607,97.7914,262.4246,0,U,43160,999,46394,.19089868E-3,.6137E-4,0
S-NET D,2018-014G,2026-06-10T11:14:23.886528,15.16609598,.00095491,97.5371,66.3009,50.7592,309.4487,0,U,43186,999,45774,.23824019E-3,.4592E-4,0
S-NET B,2018-014H,2026-06-10T06:45:40.179456,15.16577938,.00100424,97.5375,66.1017,46.5219,313.6848,0,U,43187,999,45771,.2650402E-3,.5113E-4,0
S-NET A,2018-014J,2026-06-10T11:12:49.984416,15.16617465,.00099686,97.5386,66.4936,46.8834,313.3231,0,U,43188,999,45774,.23685188E-3,.4567E-4,0
S-NET C,2018-014K,2026-06-10T11:36:14.105376,15.16570695,.0011129,97.5403,66.5833,39.1939,321.0098,0,U,43189,999,45629,.25196294E-3,.4857E-4,0
PAZ,2018-020A,2026-06-10T14:03:54.944640,15.19149620,.00017011,97.4447,169.0657,87.7715,272.3714,0,U,43215,999,46000,.83001714E-4,.1676E-4,0
GOES 17,2018-022A,2026-06-10T12:51:56.930112,1.00271146,.00005236,0.9194,85.8321,20.0838,256.4799,0,U,43226,999,3035,0,-.165E-5,0
LKW-4,2018-025A,2026-06-10T00:46:39.371232,15.61709341,.00018564,97.6341,331.3489,330.8471,29.2682,0,U,43236,999,45891,.47824431E-3,.41263E-3,0
ZHUHAI-1 OVS-02,2018-040B,2026-06-10T14:30:02.968128,15.24936492,.00014929,97.0393,179.2244,289.8878,70.2200,0,U,43440,999,45171,.2728074E-3,.6729E-4,0
ZHUHAI-1 OHS-02,2018-040C,2026-06-10T14:13:51.663648,15.25785546,.00074617,97.0378,186.1468,247.9950,112.0497,0,U,43441,999,11327,.26840176E-3,.6795E-4,0
GAOFEN-6,2018-048A,2026-06-09T01:47:54.508416,14.76624229,.0011378,97.7757,223.0567,194.8499,165.2379,0,U,43484,999,43219,.12207314E-3,.804E-5,0
LUOJIA-1 01,2018-048B,2026-06-10T13:56:33.650592,14.87263891,.0009935,97.8100,239.8750,136.1031,224.0976,0,U,43485,999,43323,.30349891E-3,.2684E-4,0
PAKTES 1A,2018-056A,2026-06-10T14:19:30.350784,14.99080557,.00224388,98.1303,317.8024,126.9261,233.4020,0,U,43529,999,43093,.24867415E-3,.2969E-4,0
PRSS-1,2018-056B,2026-06-10T15:22:25.756032,14.81979736,.0001764,97.7820,229.6918,76.4689,283.6721,0,U,43530,999,42746,.10631085E-3,.792E-5,0
HAIYANG-1C,2018-068A,2026-06-10T14:48:47.721600,14.34177362,.00119957,98.5189,234.0203,111.7041,248.5422,0,U,43609,999,40614,.75823019E-4,.169E-5,0
SSTL S1-4,2018-071A,2026-06-09T15:57:14.877792,14.96187686,.00014828,97.5039,32.5916,104.7724,255.3662,0,U,43618,999,42181,.140246E-3,.1526E-4,0
HAIYANG-2B,2018-081A,2026-06-10T22:11:31.621056,13.79306211,.0000572,99.3292,170.7764,14.6715,345.4453,0,U,43655,999,38406,.5924E-4,.17E-6,0
CZ-4B R/B,2018-081B,2026-06-10T14:47:50.491968,14.31863848,.02037534,99.3683,79.0175,285.8000,72.0800,0,U,43656,999,39836,.44732317E-4,.9E-6,0
CFOSAT,2018-083A,2026-06-10T15:02:36.741696,15.16333837,.00024341,97.3605,166.3511,95.2666,264.8845,0,U,43662,999,42144,.16839246E-3,.32E-4,0
TEN-KOH,2018-084G,2026-06-10T14:22:38.571456,15.02916469,.00108512,98.0782,353.6851,134.4130,225.7984,0,U,43677,999,41517,.15931162E-3,.2074E-4,0
DIWATA-2B,2018-084H,2026-06-10T13:37:30.925056,15.00420507,.00121501,98.1177,357.4891,191.7961,168.2978,0,U,43678,999,41522,.18239583E-3,.223E-4,0
STARS-AO,2018-084J,2026-06-10T13:02:39.915456,15.16978610,.00024606,98.0519,15.1061,151.8655,208.2710,0,U,43679,999,41646,.29049976E-3,.5662E-4,0
AUTCUBE 2,2018-084K,2026-06-10T12:54:24.891840,15.10043728,.00102859,98.0718,7.3602,69.3220,290.9109,0,U,43681,999,41592,.1918348E-3,.3052E-4,0
METOP-C,2018-087A,2026-06-10T14:13:03.563040,14.21510315,.00015256,98.6646,221.3163,136.8562,223.2735,0,U,43689,999,39389,.53071375E-4,.73E-6,0
ES'HAIL 2,2018-090A,2026-06-10T13:24:48.783744,1.00273986,.00018948,0.0124,297.5952,183.1386,5.2106,0,U,43700,999,2761,0,.162E-5,0
MOHAMMED VI-B,2018-095A,2026-06-10T14:32:40.748352,14.77108602,.00012215,97.9555,234.0219,91.8059,268.3291,0,U,43717,999,40721,.54386005E-4,.333E-5,0
HYSIS,2018-096A,2026-06-10T13:55:02.133120,14.78682610,.00017465,97.9840,228.3798,109.7947,250.3453,0,U,43719,999,40644,.12452183E-3,.861E-5,0
COSMOS 2530 (RODNIK-S 16),2018-097A,2026-06-10T14:45:32.510304,12.42880873,.00204108,82.5144,226.3590,53.4882,306.8074,0,U,43751,999,34147,-.37369594E-3,-.42E-6,0
COSMOS 2531 (RODNIK-S 17),2018-097B,2026-06-10T15:17:51.183744,12.42912340,.00178777,82.5189,227.4014,71.8885,288.4140,0,U,43752,999,34149,-.65119591E-3,-.8E-6,0
COSMOS 2532 (RODNIK-S 18),2018-097C,2026-06-10T14:02:38.018400,12.42909622,.00192608,82.5134,226.2228,73.8837,286.4361,0,U,43753,999,34145,.14638563E-3,.3E-6,0
MINXSS-2,2018-099A,2026-06-10T04:03:36.662976,15.46430741,.0006224,97.4538,237.2505,284.9519,75.1041,0,U,43758,999,41304,.68142E-3,.33763E-3,0
SIRION PATHFINDER-2,2018-099B,2026-06-10T01:06:35.641440,15.14486025,.00077161,97.4257,210.2733,334.0857,25.9987,0,U,43759,999,41154,.21131784E-3,.3826E-4,0
AISTECHSAT 2,2018-099L,2026-06-10T14:49:55.100640,15.15382646,.0003713,97.4299,209.7956,340.4536,19.6554,0,U,43768,999,41128,.28319483E-3,.5281E-4,0
FOX-1CLIFF (AO-95),2018-099N,2026-06-09T17:40:40.880928,15.26553683,.0008751,97.4390,221.0109,24.8412,335.3246,0,U,43770,999,41208,.4088E-3,.10631E-3,0
2018-099Q,2018-099Q,2026-06-10T11:47:12.735168,15.87363231,.00076794,97.4121,242.4209,260.7435,99.2968,0,U,43772,999,41360,.14045652E-2,.383086E-2,0
RANGE-A,2018-099R,2026-06-10T13:35:04.244640,15.13332653,.00105732,97.3972,204.3389,20.1458,340.0188,0,U,43773,999,41149,.21208024E-3,.3719E-4,0
SNUSAT-2,2018-099AA,2026-06-10T02:24:30.191616,15.21731800,.0009028,97.4067,214.5930,327.4253,32.6425,0,U,43782,999,41195,.34153E-3,.7677E-4,0
SNUGLITE,2018-099AC,2026-06-10T09:28:10.354656,15.27029608,.00015784,97.3877,215.7418,342.3411,17.7773,0,U,43784,999,41228,.39875272E-3,.10508E-3,0
ITASAT,2018-099AE,2026-06-10T15:09:55.911168,15.18974140,.00128124,97.4034,213.2746,23.0700,337.1107,0,U,43786,999,41191,.3055506E-3,.6335E-4,0
EAGLET-I,2018-099AJ,2026-06-10T15:17:42.400320,15.12889098,.00113345,97.4234,211.4792,17.0077,343.1531,0,U,43790,999,41134,.19796407E-3,.3425E-4,0
ESEO,2018-099AL,2026-06-10T12:40:40.611648,15.04220705,.00120256,97.3965,199.2013,2.5047,357.6237,0,U,43792,999,41080,.1353977E-3,.1826E-4,0
THEA,2018-099AQ,2026-06-10T03:52:15.578688,15.34778285,.0005967,97.4446,230.7863,315.0043,45.0716,0,U,43796,999,41161,.49333E-3,.16577E-3,0
ASTROCAST 0.1,2018-099AS,2026-06-09T23:06:45.224352,15.49059824,.00046082,97.4378,239.2374,230.8574,129.2267,0,U,43798,999,41331,.6488025E-3,.35205E-3,0
JY1SAT (JO-97),2018-099AX,2026-06-10T10:33:54.696960,15.33439242,.00041379,97.4136,224.2518,295.7294,64.3521,0,U,43803,999,41259,.49533788E-3,.15949E-3,0
SUOMI-100,2018-099AY,2026-06-10T03:14:42.656352,15.28255069,.0008475,97.4189,221.5551,308.8959,51.1524,0,U,43804,999,41234,.38309E-3,.10485E-3,0
CENTAURI-1,2018-099BD,2026-06-10T09:49:01.462080,15.16298357,.00137665,97.4228,213.2741,358.6342,1.4852,0,U,43809,999,41147,.25735639E-3,.493E-4,0
GLOBAL-2,2018-099BG,2026-06-10T13:47:47.799456,15.08634233,.00063447,97.3563,198.3633,161.9967,198.1488,0,U,43812,999,41091,.20325294E-3,.3122E-4,0
SEAHAWK-1,2018-099BQ,2026-06-10T15:08:17.641536,15.22700232,.0007261,97.3965,214.2164,342.1290,17.9690,0,U,43820,999,41153,.34295491E-3,.7931E-4,0
SAUDISAT 5A,2018-102A,2026-06-10T14:47:16.024416,15.27979208,.0010545,97.3074,223.3238,149.5611,210.6242,0,U,43831,999,41467,.17729707E-3,.4773E-4,0
SAUDISAT 5B,2018-102C,2026-06-10T15:16:00.196032,15.28239801,.00112002,97.3180,226.4011,152.0339,208.1505,0,U,43833,999,41479,.17194494E-3,.4665E-4,0
2018-102D,2018-102D,2026-06-10T15:19:46.299648,15.66419828,.00036351,97.3434,250.4924,104.6495,255.5168,0,U,43834,999,41622,.62976776E-3,.65635E-3,0
ISAT,2018-111D,2026-06-10T07:39:50.687424,15.64078892,.00015645,97.5882,96.0179,50.1914,309.9482,0,U,43879,999,41009,.92418648E-3,.88054E-3,0
UWE-4,2018-111E,2026-06-10T14:42:32.621184,15.45713387,.00067446,97.5851,89.7026,9.3200,350.8173,0,U,43880,999,40976,.61234567E-3,.29581E-3,0
D-STAR ONE (SPARROW),2018-111F,2026-06-10T13:56:24.870624,15.72544134,.00045753,97.6115,101.8022,103.3961,256.7812,0,U,43881,999,41033,.94313896E-3,.127478E-2,0
JILIN-1 09,2019-005B,2026-06-10T14:22:32.263392,15.20456900,.00037674,97.4733,256.6182,107.7371,252.4275,0,U,43943,999,40814,.20086383E-3,.4315E-4,0
JILIN-1 10,2019-005E,2026-06-10T13:37:52.334976,15.25651341,.00067141,97.4778,260.3727,307.9335,52.1295,0,U,43946,999,40830,.20553637E-3,.5158E-4,0
EGYPTSAT-A (MISRSAT-A),2019-008A,2026-06-10T14:51:14.279328,14.72301797,.0001218,98.0121,226.4705,92.6049,267.5298,0,U,44047,999,39227,.24144058E-3,.1477E-4,0
EMISAT,2019-018A,2026-06-10T15:06:22.988736,14.43685129,.00174002,98.4648,220.4657,235.5719,124.3827,0,U,44078,999,37911,.13613371E-3,.419E-5,0
JILIN-1 GAOFEN 3A,2019-032C,2026-06-10T13:36:31.068000,15.32487526,.00065531,44.9764,33.3670,263.4605,96.5533,0,U,44312,999,38682,.3335487E-3,.10377E-3,0
WT 1B,2019-032G,2026-06-10T12:39:20.168928,15.27056170,.00094482,44.9728,97.2887,214.6876,145.3391,0,U,44316,999,38606,.37194999E-3,.9787E-4,0
PROX-1,2019-036A,2026-06-10T07:05:53.568096,14.90447065,.0005287,23.9911,160.2814,313.9538,46.0524,0,U,44339,999,37244,.11774E-2,.12056E-3,0
NPSAT1,2019-036B,2026-06-09T22:39:27.747360,14.74518284,.00078602,23.9993,264.9339,124.7548,235.3689,0,U,44340,999,37142,.64999031E-3,.4669E-4,0
FORMOSAT 7-3,2019-036E,2026-06-10T12:12:36.069120,15.09757450,.0000798,23.9984,224.5078,159.2111,200.8425,0,U,44343,999,38223,.20676979E-3,.3771E-4,0
FORMOSAT 7-1,2019-036L,2026-06-10T10:41:56.854752,14.96476311,.00010151,23.9983,77.8387,98.3037,261.7579,0,U,44349,999,38364,.17804491E-3,.2374E-4,0
FORMOSAT 7-4,2019-036M,2026-06-10T14:26:18.220128,14.96470956,.00014622,23.9970,138.8959,110.3037,249.7621,0,U,44350,999,38308,.16931962E-3,.2272E-4,0
FORMOSAT 7-2,2019-036N,2026-06-10T10:10:25.905216,14.96472857,.00010312,23.9971,194.4123,103.9782,256.0833,0,U,44351,999,38257,.15537267E-3,.211E-4,0
FORMOSAT 7-6,2019-036Q,2026-06-10T06:58:07.622400,14.96480938,.0001231,23.9993,16.1242,31.1462,328.9111,0,U,44353,999,38078,.18633E-3,.247E-4,0
FORMOSAT 7-5,2019-036V,2026-06-10T03:13:23.394720,14.96487990,.00007071,23.9998,315.9292,84.9311,275.1271,0,U,44358,999,38129,.19074956E-3,.2522E-4,0
METEOR-M2 2,2019-038A,2026-06-10T13:42:38.907360,14.24364928,.00022469,98.9145,148.7590,57.9837,302.1559,0,U,44387,999,36035,.12343307E-3,.239E-5,0
COSMOS 2535,2019-039A,2026-06-10T15:16:52.416192,14.91929312,.00070565,97.5761,190.0512,226.9444,133.1185,0,U,44421,999,37566,.10474377E-3,.1006E-4,0
GLOBAL-4,2019-054E,2026-06-10T01:15:32.118048,15.63721370,.00064761,45.0065,277.5496,295.4744,64.5482,0,U,44499,999,37924,.52825739E-3,.50527E-3,0
ZY-1 02D,2019-059A,2026-06-10T14:05:00.677760,14.35458356,.0002265,98.3190,223.3055,116.3161,243.8258,0,U,44528,999,35339,.10145363E-3,.25E-5,0
TAURUS-1 (JINNIUZUO 1),2019-059C,2026-06-10T15:35:15.002880,14.72028407,.00076743,98.6412,326.0728,339.3901,20.6993,0,U,44530,999,35768,.80537704E-3,.5007E-4,0
ZHUHAI-1 03B,2019-060C,2026-06-10T14:45:33.712992,15.53724053,.00077722,97.5518,319.0279,344.8583,15.2436,0,U,44536,999,37530,.40505907E-3,.25899E-3,0
ZHUHAI-1 03D,2019-060E,2026-06-10T13:44:16.302624,15.49377267,.00068073,97.5380,311.1625,328.2187,31.8652,0,U,44538,999,37505,.50955463E-3,.27924E-3,0
ZHUHAI-1 03E,2019-060F,2026-06-10T14:52:50.044224,15.40853333,.00064429,97.5600,311.3414,55.1797,305.0054,0,U,44539,999,37475,.38246257E-3,.15629E-3,0
ATLAS 5 CENTAUR DEB,2018-079BG,2026-06-08T19:29:42.230112,1.77428026,.4723613,13.6140,39.9639,297.8848,22.3946,0,U,44694,999,4641,0,-.57E-6,0
GAOFEN-7,2019-072A,2026-06-10T14:56:13.797888,15.21551332,.00178767,97.2434,223.3356,62.2483,298.0564,0,U,44703,999,36664,.15297754E-3,.3394E-4,0
JILIN-1 GAOFEN 2A,2019-075A,2026-06-10T13:39:31.843584,15.39136382,.00076347,97.4964,245.2052,106.7521,253.4563,0,U,44777,999,36386,.31566376E-3,.12174E-3,0
NINGXIA-1 1,2019-076A,2026-06-10T15:01:14.298816,14.02037536,.00102848,45.0039,209.1741,131.0285,229.1440,0,U,44779,999,33693,.2375878E-4,-.93E-6,0
NINGXIA-1 5,2019-076E,2026-06-10T15:20:42.046656,14.02086110,.00098368,45.0040,208.4575,119.7967,240.3846,0,U,44783,999,33685,.82885311E-4,-.2E-7,0
KL-ALPHA A,2019-077A,2026-06-10T15:02:41.798688,13.56042432,.0012972,88.9255,223.2818,122.1688,238.0726,0,U,44785,999,32484,-.2032611E-4,-.2E-7,0
CARTOSAT-3,2019-081A,2026-06-10T15:17:02.122368,15.19240991,.00125695,97.4311,223.6091,170.0339,190.1147,0,U,44804,999,36247,.30710028E-3,.6417E-4,0
JILIN-1 GAOFEN 2B,2019-086A,2026-06-10T15:11:14.046144,15.20638357,.00134275,97.4885,233.6649,348.7875,11.3059,0,U,44836,999,35949,.23132274E-3,.5017E-4,0
TIANQIN 1 (CAS-6),2019-093A,2026-06-10T14:22:12.991008,14.95409700,.00128587,97.7810,245.4868,77.6289,282.6370,0,U,44879,999,35106,.20895904E-3,.2254E-4,0
ETRSS-1,2019-093B,2026-06-10T14:34:45.025248,14.95837679,.00128711,97.7824,245.9495,77.3865,282.8794,0,U,44880,999,35107,.42546095E-3,.4702E-4,0
TIANYAN 01,2019-093C,2026-06-10T15:36:02.517696,14.86510030,.00149796,97.7530,234.0414,106.0139,254.2728,0,U,44881,999,35044,.82771355E-4,.68E-5,0
TIANYAN 02,2019-093D,2026-06-10T14:30:41.444640,15.05147576,.00144481,97.7933,256.3316,50.0080,310.2412,0,U,44882,999,35162,.43568913E-3,.6158E-4,0
CBERS 4A,2019-093E,2026-06-09T10:59:37.997952,14.81624316,.00014541,97.7494,227.9407,151.3784,208.7510,0,U,44883,999,34993,.66441037E-4,.472E-5,0
WEILAI 1R,2019-093F,2026-06-10T14:04:39.774144,15.00589902,.0017931,97.7844,251.4631,56.0657,304.2269,0,U,44884,999,35143,.40741101E-3,.5102E-4,0
FLORIPASAT-1,2019-093G,2026-06-10T12:07:23.897280,15.03809686,.00134758,97.7914,255.6884,92.6545,267.6223,0,U,44885,999,35164,.40137606E-3,.5466E-4,0
SHUNTIAN,2019-093H,2026-06-10T13:58:51.556224,14.95124549,.00131062,97.7998,249.7767,88.2900,271.9821,0,U,44886,999,35119,.22644571E-3,.2429E-4,0
2019-093L,2019-093L,2026-06-10T13:24:53.653248,14.94500528,.0013285,97.7545,239.8983,75.5640,284.7054,0,U,44889,999,35081,.35715262E-3,.3805E-4,0
ELEKTRO-L 3,2019-095A,2026-06-10T15:30:28.840032,1.00272173,.00013045,0.2388,81.3322,354.1597,132.0868,0,U,44903,999,2364,0,-.79E-6,0
GONETS-M 14,2019-096A,2026-06-10T14:35:59.190144,12.42870130,.0013236,82.5228,88.7186,162.1194,198.0354,0,U,44905,999,29286,.75382088E-3,.114E-5,0
GONETS-M 15,2019-096B,2026-06-10T13:22:24.888864,12.42871358,.00146158,82.5247,89.2106,186.2394,173.8506,0,U,44906,999,29282,.17920659E-3,.35E-6,0
GONETS-M 16,2019-096C,2026-06-10T14:00:19.670400,12.42891849,.00096565,82.5193,88.1498,230.5726,129.4500,0,U,44907,999,29281,.41452443E-3,.67E-6,0
RS-44 & BREEZE-KM R/B,2019-096E,2026-06-10T14:15:48.098016,12.79748699,.0217875,82.5217,344.0868,159.5378,201.4622,0,U,44909,999,30150,.80700192E-4,.32E-6,0
JILIN-1 KUANFU 01,2020-003A,2026-06-10T12:42:26.071488,15.10688862,.00087739,97.5031,235.6146,334.0629,26.0160,0,U,45016,999,35432,.1491939E-3,.2408E-4,0
XINGYUN-2 01,2020-028A,2026-06-10T14:08:40.646112,15.11780073,.00078545,97.4866,154.1208,219.1383,140.9280,0,U,45602,999,33384,.15196084E-3,.253E-4,0
XINGYUN-2 02,2020-028B,2026-06-10T13:36:12.659616,15.11509667,.00095585,97.5070,167.6747,300.2836,59.7448,0,U,45603,999,33383,.12159935E-3,.1997E-4,0
HAIYANG-1D,2020-036A,2026-06-10T14:59:02.014368,14.34170654,.00030445,98.4550,103.4464,143.5514,216.5879,0,U,45721,999,31403,-.3500174E-5,-.53E-6,0
M2 PATHFINDER,2020-037E,2026-06-10T06:19:43.667040,15.04648075,.0011852,97.8160,352.4179,168.8830,191.2660,0,U,45727,999,32445,.16065E-3,.2197E-4,0
GAOFEN DUOMO (GFDM),2020-042A,2026-06-10T15:15:08.337024,14.76871122,.00124697,97.7749,221.7599,93.2648,266.9989,0,U,45856,999,32004,.80846828E-4,.52E-5,0
ZIYUAN 3-03 (ZY 3-03),2020-051A,2026-06-10T14:34:34.605408,15.21481330,.00038686,97.2836,229.5459,349.3347,10.7807,0,U,45939,999,32634,.23118464E-3,.5132E-4,0
NEMO-HD,2020-061F,2026-06-10T15:37:31.114848,15.44462726,.00025023,97.1927,223.6702,88.0588,272.0947,0,U,46277,999,32097,.2136276E-3,.9805E-4,0
3CAT-5A,2020-061W,2026-06-10T10:40:28.901280,15.45887870,.0003083,97.2410,224.3456,127.2807,232.8724,0,U,46292,999,31998,.31928943E-3,.1544E-3,0
3CAT-5B,2020-061X,2026-06-10T10:25:16.524192,15.47250253,.00032506,97.2404,225.3046,128.3739,231.7804,0,U,46293,999,32001,.32985283E-3,.16722E-3,0
NAPA-1,2020-061BA,2026-06-10T14:06:08.825760,15.67112870,.00012515,97.2470,235.5546,163.1482,196.9821,0,U,46320,999,32070,.56304233E-3,.6027E-3,0
JILIN-1 GAOFEN 3E,2020-065D,2026-06-10T13:33:13.410720,15.62839289,.00124539,97.2260,214.0241,177.8012,182.3304,0,U,46457,999,31872,.61353825E-3,.55641E-3,0
JILIN-1 GAOFEN 3F,2020-065E,2026-06-10T13:52:53.200128,15.60231232,.00141286,97.2215,211.4044,167.1429,193.0192,0,U,46458,999,31867,.55874304E-3,.45812E-3,0
JILIN-1 GAOFEN 3G,2020-065F,2026-06-10T14:03:17.428896,15.70032042,.00097143,97.2287,218.1081,86.2269,274.0104,0,U,46459,999,31890,.63780217E-3,.77273E-3,0
JILIN-1 GAOFEN 3H,2020-065G,2026-06-10T14:34:10.008192,15.66829189,.00045911,97.2225,214.4971,26.6333,333.5163,0,U,46460,999,31885,.61675641E-3,.65352E-3,0
HAIYANG-2C,2020-066A,2026-06-10T14:05:13.750080,13.83374111,.00091736,65.9969,231.7171,238.2987,121.7188,0,U,46469,999,28858,-.10766591E-3,-.2E-5,0
HJ-2A,2020-067A,2026-06-10T22:19:56.484768,14.76508348,.0002414,97.8831,240.4513,295.3546,64.7414,0,U,46478,999,30733,.82001E-4,.521E-5,0
HJ-2B,2020-067B,2026-06-10T13:27:48.629664,14.76548841,.00011796,97.8887,241.1062,94.8765,265.2580,0,U,46479,999,30728,.37393898E-4,.211E-5,0
GONETS-M 17,2020-068A,2026-06-10T14:36:23.172192,12.42872636,.00233139,82.4996,351.5964,51.2043,309.1114,0,U,46486,999,25834,-.27392699E-3,-.28E-6,0
GONETS-M 18,2020-068B,2026-06-10T13:44:03.150816,12.42873032,.00205627,82.4949,350.7394,48.0201,312.2626,0,U,46487,999,25832,.30856087E-3,.53E-6,0
GONETS-M 19,2020-068C,2026-06-10T15:04:42.290400,12.42891673,.00144242,82.4974,351.1537,62.8341,297.4208,0,U,46488,999,25843,-.23307378E-3,-.22E-6,0
DEKART,2020-068H,2026-06-10T13:37:07.360320,15.37199983,.00073294,97.8744,170.3639,315.8895,44.1763,0,U,46493,999,31475,.31114064E-3,.11257E-3,0
NORBI,2020-068J,2026-06-10T13:33:34.955424,15.48173867,.00044753,97.8631,176.9473,278.5347,81.5395,0,U,46494,999,31518,.35281339E-3,.18472E-3,0
SALSAT,2020-068K,2026-06-10T12:56:05.145216,15.29703223,.00086211,97.8853,164.1992,335.4923,24.5905,0,U,46495,999,31434,.24329255E-3,.6924E-4,0
ICEYE-X6,2020-068M,2026-06-10T14:34:07.264992,15.04481293,.00084822,98.0960,154.9639,109.0882,251.1262,0,U,46497,999,31224,.21553233E-3,.295E-4,0
NETSAT-4,2020-068U,2026-06-10T13:52:29.180928,15.43644527,.00046982,97.8607,169.2885,6.6618,353.4690,0,U,46504,999,31475,.35379708E-3,.15855E-3,0
NETSAT-3,2020-068V,2026-06-10T13:54:10.939392,15.42448030,.00051605,97.8657,167.5147,25.3166,334.8332,0,U,46505,999,31466,.37330121E-3,.16076E-3,0
NETSAT-1,2020-068W,2026-06-10T13:11:22.200864,15.34485984,.00058024,97.8743,161.8916,51.2758,308.9001,0,U,46506,999,31428,.35566339E-3,.11804E-3,0
NETSAT-2,2020-068X,2026-06-10T13:29:53.567520,15.45713642,.00043388,97.8620,169.1422,44.2727,315.8867,0,U,46507,999,31471,.42482768E-3,.20456E-3,0
TIANQI-6,2020-076D,2026-06-10T12:19:59.777184,15.07137967,.00092297,34.9988,89.4180,112.9075,247.2609,0,U,46810,999,30757,.22210022E-3,.3382E-4,0
KSM1-C,2020-081B,2026-06-10T07:01:35.329728,15.26623766,.00019919,36.8944,101.5020,210.7189,149.3444,0,U,46906,999,30811,.33432074E-3,.8879E-4,0
KSM1-D,2020-081C,2026-06-10T13:08:07.363680,15.24625484,.0004533,36.8947,108.8123,222.7583,137.2813,0,U,46907,999,30808,.31838176E-3,.7953E-4,0
KSM1-A,2020-081H,2026-06-10T07:01:08.544000,15.25850116,.0004737,36.8953,103.8462,263.4789,96.5420,0,U,46912,999,30812,.35124E-3,.9118E-4,0
R2,2020-081J,2026-06-09T03:11:45.827520,15.25316026,.00084913,36.8973,110.9294,224.5897,135.4169,0,U,46913,999,31075,.25956339E-3,.6606E-4,0
KSM1-B,2020-081K,2026-06-10T13:11:46.377312,15.24411954,.0006717,36.9006,109.3857,233.9714,126.0413,0,U,46914,999,31117,.1752575E-3,.4304E-4,0
GONETS-M 20,2020-091A,2026-06-10T15:31:22.908288,12.42893416,.0020891,82.5041,306.5025,192.1317,167.9262,0,U,47227,999,25026,.1401291E-3,.29E-6,0
GONETS-M 21,2020-091B,2026-06-10T14:53:41.875584,12.42886531,.00144476,82.4966,305.2298,205.4224,154.6146,0,U,47228,999,25025,.25972724E-3,.46E-6,0
GONETS-M 22,2020-091C,2026-06-10T16:10:54.869088,12.42892751,.00218295,82.5023,306.0921,187.4610,172.6148,0,U,47229,999,25021,.5032289E-3,.8E-6,0
CUBEL,2021-006AM,2026-06-08T15:44:19.785984,15.40916074,.00063181,97.2333,210.3218,187.3006,172.8150,0,U,47448,999,29844,.23397477E-3,.9545E-4,0
ARKTIKA-M 1,2021-016A,2026-06-09T12:22:37.726752,2.00625436,.7285674,63.2417,58.7595,269.8905,14.6803,0,U,47719,999,3863,0,-.149E-5,0
STARLINK-2342,2021-021Z,2026-06-10T16:00:03.000096,15.79237487,.00016402,53.1551,180.7236,67.0906,324.1584,0,U,47883,999,589,.28947856E-3,.52661E-3,0
GRUS-1B,2021-022C,2026-06-10T15:14:14.202240,14.98984313,.00162358,97.5413,45.0480,352.1932,7.9036,0,U,47934,999,28491,.14126066E-3,.1657E-4,0
2021-022F,2021-022F,2026-06-10T15:46:49.488672,15.32944267,.00115999,97.3902,62.3604,111.9129,248.3348,0,U,47937,999,28871,.24592953E-3,.7763E-4,0
UNISAT-7,2021-022P,2026-06-10T12:48:06.090912,15.40287665,.00112022,97.3900,66.3889,97.6653,262.5866,0,U,47945,999,28883,.32633777E-3,.13093E-3,0
2021-022X,2021-022X,2026-06-10T13:54:42.996384,15.73251698,.00076053,97.3915,78.1930,91.9727,268.2408,0,U,47953,999,28946,.6717183E-3,.93235E-3,0
GLOBAL-9,2021-023G,2026-06-10T14:24:24.067584,15.46352175,.00050937,44.9819,287.5442,284.7733,75.2593,0,U,47971,999,29392,.37179921E-3,.18461E-3,0
AII-BRAVO,2021-034C,2026-06-10T15:10:07.257216,15.03428491,.00046846,97.5626,216.6906,289.0770,70.9948,0,U,48270,999,27863,.31402225E-3,.4215E-4,0
TYVAK-182A,2021-034D,2026-06-10T14:53:01.275360,15.06110668,.00057147,97.5734,220.6517,11.9879,348.1483,0,U,48271,999,27884,.28683982E-3,.4133E-4,0
CSS (TIANHE),2021-035A,2026-06-10T13:52:07.326048,15.60534794,.00083266,41.4694,2.2172,24.2094,335.9134,0,U,48274,999,29213,.2570347E-3,.21572E-3,0
TYVAK-0130,2021-041BF,2026-06-09T23:29:47.719392,15.27472919,.00108565,52.9976,59.5580,140.9745,219.2038,0,U,48606,999,27928,.2718079E-3,.7069E-4,0
HAIYANG-2D,2021-043A,2026-06-10T15:23:33.770112,13.83375445,.00113936,65.9998,320.9970,269.9528,90.0235,0,U,48621,999,25564,.40427669E-4,-.37E-6,0
2021-050D,2021-050D,2026-06-10T15:14:53.824416,15.23266156,.00040161,97.3336,237.8207,295.4640,64.6181,0,U,48843,999,27796,.24401671E-3,.5715E-4,0
TYVAK-0173,2021-059P,2026-06-10T04:12:13.372128,14.81867765,.0010673,96.0086,239.2747,60.4265,299.8015,0,U,48892,999,26720,.19929E-3,.1545E-4,0
MANDRAKE 2 ABLE,2021-059AE,2026-06-10T14:37:50.666880,15.54724840,.00050229,97.7041,350.8940,30.0661,330.0879,0,U,48907,999,27610,.29419327E-3,.19447E-3,0
MANDRAKE 2 BAKER,2021-059AF,2026-06-10T11:54:32.329728,15.59220068,.00035538,97.7011,353.5976,32.1352,328.0120,0,U,48908,999,27625,.31761829E-3,.24836E-3,0
PACE-1,2021-059AG,2026-06-10T12:01:47.368416,15.78719432,.00007026,97.6769,358.8941,315.7445,44.3765,0,U,48909,999,27674,.42589042E-3,.74704E-3,0
YAM-3,2021-059AN,2026-06-10T14:31:22.558080,15.48408808,.00056094,97.6996,348.1315,32.9515,327.2083,0,U,48915,999,27597,.20033314E-3,.10525E-3,0
FARADAY_PHOENIX,2021-059AX,2026-06-10T11:49:29.686944,15.76766143,.00024281,97.6824,358.7848,336.8087,23.3068,0,U,48924,999,27660,.68047218E-3,.110004E-2,0
DEMO8 (TENZING),2021-059CA,2026-06-10T11:36:51.585696,15.54742362,.00068519,97.7033,354.3946,20.4649,339.6877,0,U,48951,999,27626,.28501629E-3,.18857E-3,0
NAPA-2,2021-059CN,2026-06-09T05:49:56.617824,15.95777302,.00026691,97.6730,358.3052,251.6260,108.4724,0,U,48963,999,27654,.72515668E-3,.290503E-2,.35483944E-4
FENGYUN 3E,2021-062A,2026-06-10T13:52:02.270784,14.19902915,.00027629,98.7496,165.0595,96.1480,264.0011,0,U,49008,999,25564,-.19953749E-4,-.86E-6,0
ISS (NAUKA),2021-066A,2026-06-10T09:59:31.702560,15.49162374,.00058814,51.6361,333.6061,172.3680,187.7399,0,U,49044,999,57076,.10451669E-3,.5345E-4,0
STARLINK-3100,2021-082Q,2026-06-10T10:20:41.781696,14.98323995,.00030319,70.0005,60.6142,269.8479,90.2332,0,U,49144,999,25987,-.11356557E-3,-.1448E-4,0
CUTE,2021-088D,2026-06-10T12:37:01.193664,15.91259664,.00079041,97.4173,260.1851,244.1162,115.9297,0,U,49263,999,26149,.47533467E-3,.150394E-2,.10455888E-4
2021-091B,2021-091B,2026-06-10T14:27:21.673152,15.18521461,.00148302,97.4478,349.2784,66.3599,293.9190,0,U,49316,999,25798,.17466115E-3,.3546E-4,0
SDGSAT 1,2021-100A,2026-06-10T13:57:19.685376,15.19896552,.00068704,97.2645,208.7760,327.5993,32.4819,0,U,49387,999,25491,.11091439E-3,.2317E-4,0
TEIKYOSAT-4 (OORURI),2021-102B,2026-06-10T13:23:34.128960,15.09486131,.0010901,97.3672,191.2990,322.3746,37.6720,0,U,49396,999,25172,.13304785E-3,.2073E-4,0
Z-SAT,2021-102E,2026-06-10T14:34:22.367712,15.18215610,.00146994,97.3334,197.1298,270.5023,89.4527,0,U,49399,999,25244,.16548465E-3,.3327E-4,0
HIBARI,2021-102F,2026-06-10T14:29:08.786688,15.31596471,.00107001,97.3246,207.5823,215.5975,144.4554,0,U,49400,999,25318,.31897658E-3,.9674E-4,0
KOSEN-1,2021-102H,2026-06-10T09:23:11.603328,15.26741290,.00125249,97.3194,203.6805,225.8165,134.2046,0,U,49402,999,25298,.27000744E-3,.7043E-4,0
GLOBAL-14,2021-106A,2026-06-10T04:38:28.190112,15.50255429,.0016904,42.0056,332.6349,330.7787,29.2110,0,U,49469,999,25704,.44216E-3,.25574E-3,0
GAOFEN-3 02,2021-109A,2026-06-10T14:19:20.260128,14.42216291,.00033372,98.4092,169.7873,32.6403,327.4993,0,U,49495,999,23936,.30978506E-4,.59E-6,0
GLOBAL-12,2021-115BA,2026-06-10T09:10:29.892288,15.53158737,.00034133,53.1947,77.2500,56.1264,304.0072,0,U,49772,999,25484,.509658E-3,.32188E-3,0
GLOBAL-13,2021-115BB,2026-06-10T12:36:40.860288,15.45785257,.00041097,53.1973,86.2490,94.5250,265.6227,0,U,49773,999,25473,.38816107E-3,.18718E-3,0
GLOBAL-17,2021-120A,2026-06-10T01:47:37.741632,15.51879539,.00145581,41.9934,91.6632,210.2160,149.7846,0,U,49949,999,25379,.4530369E-3,.2776E-3,0
GLOBAL-16,2021-120B,2026-06-10T12:42:53.671968,15.49858065,.00125132,41.9943,92.5606,205.8313,154.1907,0,U,49950,999,25381,.39510293E-3,.22428E-3,0
XW-3 (CAS-9),2021-131B,2026-06-10T14:22:00.179616,14.41351510,.0005274,98.4971,254.0240,112.0154,248.1596,0,U,50466,999,23416,.12436941E-3,.359E-5,0
ION SCV-004,2022-002K,2026-06-10T15:08:33.804384,15.30386687,.00078863,97.2842,219.4126,30.0910,330.0783,0,U,50993,999,24429,.16069882E-3,.4651E-4,0
ETV-A1,2022-002CE,2026-06-10T15:33:50.837184,15.40544504,.00052508,97.2883,227.9730,26.9744,333.1775,0,U,51060,999,24483,.24258403E-3,.9775E-4,0
BRO-5,2022-002CF,2026-06-10T14:08:42.360288,15.47003867,.00041581,97.3004,235.2012,0.7629,359.3626,0,U,51061,999,24523,.49464186E-3,.24936E-3,0
LUDI TANCE 1-01A (L-SAR 01A),2022-007A,2026-06-10T14:13:46.628256,14.88413716,.00015959,97.8097,169.1066,90.9449,269.1951,0,U,51284,999,23749,.62291324E-4,.523E-5,0
LUDI TANCE 1-01B (L-SAR 01B),2022-018A,2026-06-10T15:02:09.207744,14.88410217,.00015955,97.8103,169.1357,90.9539,269.1861,0,U,51822,999,23273,.65817884E-4,.556E-5,0
2022-019D,2022-019D,2026-06-10T14:59:39.590592,15.70089890,.00057098,97.3666,253.7565,161.1408,199.0066,0,U,51827,999,23867,.58977972E-3,.71446E-3,0
2022-019J,2022-019J,2026-06-10T15:00:18.734976,15.20414850,.00069598,97.3431,224.6053,248.9930,111.0561,0,U,51832,999,23680,.12092166E-3,.2569E-4,0
2022-023F,2022-023F,2026-06-08T17:05:24.823104,15.17938636,.01293236,63.4454,302.2925,342.7663,16.9077,0,U,51951,999,23642,.62557508E-3,.15685E-3,0
CZ-4C R/B,2022-027B,2026-06-10T11:57:06.151968,13.65479604,.02319864,63.3941,76.7317,22.6448,338.4625,0,U,52085,999,21112,.45945199E-4,-.5E-6,0
MERIDIAN 10,2022-030A,2026-06-09T11:50:18.478752,2.00614478,.6781599,62.6777,141.6233,272.8602,17.6738,0,U,52145,999,3087,0,.249E-5,0
OMNI-L1,2022-033A,2026-06-10T05:28:19.788384,14.82723773,.00040453,97.8393,240.5404,318.5350,41.5556,0,U,52157,999,22642,.22971847E-3,.1802E-4,0
ENMAP,2022-033C,2026-06-10T14:02:38.313024,14.74982179,.00014228,97.9788,243.9289,84.7038,275.4333,0,U,52159,999,22568,.58895544E-4,.346E-5,0
ARCSAT-1,2022-033E,2026-06-10T05:36:14.541696,15.53456933,.00042573,97.2751,253.4041,206.3302,153.7736,0,U,52161,999,23462,.23810134E-3,.15007E-3,0
GLOBAL-18,2022-034B,2026-06-10T14:19:42.346560,15.45996818,.00030767,52.9822,288.1299,243.4119,116.6571,0,U,52196,999,23594,.40169561E-3,.19533E-3,0
GAOFEN-3 03,2022-035A,2026-06-10T15:19:48.743904,14.42213938,.00011562,98.4066,170.3142,99.0816,261.0505,0,U,52200,999,21990,-.4023782E-5,-.57E-6,0
DAQI-1,2022-039A,2026-06-10T14:58:57.550944,14.57673463,.00023396,98.1478,100.6116,286.1217,73.9725,0,U,52257,999,22098,.44741798E-4,.159E-5,0
BRO-6,2022-047AE,2026-06-10T14:51:00.222912,15.50102650,.00055523,97.3396,252.5500,100.2462,259.9416,0,U,52422,999,23013,.59651123E-3,.33568E-3,0
JILIN-1 GAOFEN 3D27,2022-048B,2026-06-10T14:37:39.161856,15.73841101,.0001759,97.5702,274.9569,78.0968,282.0492,0,U,52444,999,22844,.7745399E-3,.110322E-2,0
JILIN-1 GAOFEN 3D28,2022-048C,2026-06-10T14:54:14.976288,15.76648698,.00011476,97.5643,275.0938,150.3783,209.7547,0,U,52445,999,22849,.77910009E-3,.125534E-2,0
VIGORIDE-3,2022-057AE,2026-06-10T09:39:51.849216,15.27208716,.00092737,97.6591,301.1985,141.3351,218.8553,0,U,52760,999,22412,.20185273E-3,.531E-4,0
ION SCV-006,2022-057AF,2026-06-10T07:12:59.169312,15.45120749,.00182397,97.6088,309.5942,136.8744,223.3937,0,U,52761,999,22505,.27577413E-3,.13046E-3,0
SHERPA-AC1,2022-057AH,2026-06-10T03:53:51.111168,15.36167624,.0008916,97.6675,310.0975,114.5422,245.6752,0,U,52763,999,22462,.2114684E-3,.7374E-4,0
OMNI-L2,2022-057AR,2026-06-10T15:18:45.204480,14.81353395,.00063692,97.4717,224.4364,0.1643,359.9572,0,U,52771,999,21942,.16109684E-3,.1211E-4,0
STEP CUBE LAB-II,2022-065D,2026-06-10T15:21:25.930080,14.63293418,.00096638,98.2220,305.5624,51.2785,308.9279,0,U,52897,999,21054,.15039932E-3,.728E-5,0
RANDEV,2022-065E,2026-06-10T15:25:28.396992,14.63681091,.00090119,98.2206,305.9141,51.7076,308.4935,0,U,52898,999,21029,.18489361E-3,.914E-5,0
SNUGLITE-II,2022-065F,2026-06-10T08:01:52.544352,14.64335098,.00083902,98.2194,306.1777,52.4579,307.7384,0,U,52899,999,20999,.16768086E-3,.837E-5,0
MIMAN,2022-065G,2026-06-10T08:10:13.755936,14.61836820,.00085912,98.2252,303.8577,54.0952,306.1046,0,U,52900,999,20944,.10662086E-3,.485E-5,0
STARLINK-4362,2022-077A,2026-06-10T11:41:05.872128,15.05653546,.00023334,97.3782,340.7367,111.1456,249.0021,0,U,53043,999,21487,-.56750835E-4,-.876E-5,0
LARES-2,2022-080A,2026-06-07T07:24:15.159456,6.38965096,.0005412,70.1642,308.7172,333.4127,26.6130,0,U,53105,999,9103,0,-.8E-7,0
GREENCUBE (IO-117),2022-080E,2026-06-01T11:09:37.753056,6.42583280,.00088692,70.1435,303.7143,293.3663,66.6064,0,U,53109,999,9105,0,-.3E-7,0
STARLINK-4410,2022-084R,2026-06-10T14:31:33.772800,15.27582751,.00020206,97.6010,222.5488,81.2004,278.9463,0,U,53204,999,21400,.99349542E-3,.2679E-3,0
COSMOS 2558,2022-089A,2026-06-10T12:52:52.499136,15.73809208,.0000727,97.2255,265.3368,208.2921,151.8304,0,U,53323,999,21678,.6454E-3,.91569E-3,0
TECMS,2022-090A,2026-06-10T13:57:48.153312,15.21361624,.00027635,97.3142,229.8773,198.5219,161.5917,0,U,53346,999,21380,.14352006E-3,.3148E-4,0
DONGPO 02,2022-098J,2026-06-10T15:06:29.245824,15.73327132,.00015533,97.5504,292.2572,297.4885,62.6220,0,U,53452,999,21376,.69510868E-3,.96691E-3,0
DONGPO 01,2022-098K,2026-06-10T14:40:16.472928,15.71290253,.00014287,97.5573,292.7803,239.4828,120.6293,0,U,53453,999,21372,.64478534E-3,.82159E-3,0
STARLINK-4400,2022-099D,2026-06-10T14:22:36.320736,15.05661271,.00015411,97.3764,280.9273,145.4132,214.7196,0,U,53468,999,20995,.16998173E-3,.2397E-4,0
STARLINK-4621,2022-105AE,2026-06-10T14:26:35.370528,15.05661823,.00027712,97.3781,40.9422,70.4978,289.6548,0,U,53676,999,20721,-.80374442E-4,-.1218E-4,0
SHERPA-LTC2,2022-107BG,2026-06-10T12:31:31.706400,14.69632213,.03945712,53.2356,248.5452,207.3523,150.6179,0,U,53754,999,20156,.33405869E-3,.6573E-4,0
CENTISPACE-1 S3,2022-108A,2026-06-10T13:44:53.458944,14.61244110,.00089506,53.5331,82.6095,336.5100,23.5465,0,U,53757,999,20056,.11659523E-3,.39E-5,0
CENTISPACE-1 S4,2022-108B,2026-06-10T13:26:42.048096,14.61922880,.00081985,53.5306,80.2112,323.9454,36.0968,0,U,53758,999,20059,.14707183E-3,.552E-5,0
BLUEWALKER-3,2022-111AL,2026-06-10T00:47:04.058304,15.38180975,.00068615,53.2293,67.5573,140.7558,219.3945,0,U,53807,999,20910,.16814126E-3,.6029E-4,0
YUNHAI-1 03,2022-115A,2026-06-10T14:56:43.854720,14.32713563,.00059666,98.5532,159.8532,71.2326,288.9505,0,U,53877,999,19457,.11971075E-3,.282E-5,0
CENTISPACE-1 S5,2022-126A,2026-06-10T14:13:52.237344,14.63004864,.00143879,54.9984,239.3486,60.2585,299.9839,0,U,54020,999,19607,.15482657E-3,.61E-5,0
CENTISPACE-1 S6,2022-126B,2026-06-10T13:59:20.736960,14.62283968,.00162389,54.9988,241.2235,60.0519,300.2085,0,U,54021,999,19603,.12313732E-3,.437E-5,0
OTB-3-GAZELLE,2022-127A,2026-06-10T12:58:03.082944,14.42672047,.00125286,98.3942,153.3460,203.6473,156.4142,0,U,54023,999,19340,.53079768E-4,.133E-5,0
ASO-S,2022-129A,2026-06-10T13:40:23.834784,14.52058555,.00156545,98.2747,166.7450,111.2184,249.0685,0,U,54029,999,19446,.59619E-4,.197E-5,0
HJ-2E,2022-132A,2026-06-10T15:30:05.201856,15.22215798,.00213786,97.3798,166.1404,37.3543,322.9175,0,U,54035,999,20342,.30704142E-3,.703E-4,0
COSMOS 2561,2022-137A,2026-06-10T12:27:59.350752,15.51532978,.0011396,96.9186,220.7704,57.9604,302.2755,0,U,54109,999,20531,.21633E-3,.12746E-3,0
GONETS-M 23,2022-139A,2026-06-10T13:57:23.431680,12.42890521,.00206856,82.5072,352.4005,234.7245,125.1900,0,U,54150,999,16482,.21136847E-3,.39E-6,0
GONETS-M 24,2022-139B,2026-06-10T15:14:34.177056,12.42891153,.00158352,82.4983,351.4314,245.2419,114.7013,0,U,54151,999,16483,.24947833E-3,.44E-6,0
GONETS-M 25,2022-139C,2026-06-10T14:54:57.125664,12.42889796,.00197591,82.5054,352.1227,243.8684,116.0363,0,U,54152,999,16483,.17024715E-3,.33E-6,0
SKIF-D,2022-139D,2026-06-09T06:17:48.475104,5.00429725,.00073846,89.9519,96.6699,202.8670,157.1456,0,U,54153,999,6371,0,.13E-6,0
MATS,2022-147A,2026-06-10T14:25:40.173024,15.05318049,.00113464,97.6827,163.2267,214.7319,145.3167,0,U,54227,999,19677,.20761993E-3,.2912E-4,0
JILIN-1 GAOFEN 03D54,2022-155D,2026-06-10T15:08:59.828928,15.94416466,.00041205,97.6102,313.8851,265.4593,94.6211,0,U,54254,999,19925,.73002064E-3,.272081E-2,.30777432E-4
EOS-6 (OCEANSAT-3),2022-158A,2026-06-10T14:14:44.099808,14.46996505,.00015435,98.3539,259.8753,55.5533,304.5805,0,U,54361,999,18688,.73592903E-4,.224E-5,0
DONGPO 09,2022-167D,2026-06-10T15:15:48.765312,15.36187026,.00033896,97.6894,332.3519,130.7374,229.4164,0,U,54685,999,19444,.30082323E-3,.10526E-3,0
DONGPO 08,2022-167E,2026-06-10T14:31:12.284256,15.33512823,.00081651,97.6857,329.5287,182.4103,177.7101,0,U,54686,999,19431,.30612809E-3,.9845E-4,0
2022-167F,2022-167F,2026-06-10T02:28:58.714176,15.89700177,.00010465,97.6112,348.1595,184.5927,175.5336,0,U,54687,999,19570,.73203074E-3,.213712E-2,.18730849E-4
DONGPO 10,2022-167H,2026-06-10T14:45:45.581760,15.34318115,.00061129,97.6939,331.4752,128.5921,231.5869,0,U,54689,999,19435,.30747473E-3,.1014E-3,0
JILIN-1 GAOFEN 03D48,2022-167P,2026-06-10T14:47:09.807072,15.35078556,.0007412,97.6873,330.8520,134.5077,225.6772,0,U,54695,999,19438,.31527549E-3,.10658E-3,0
STAR VIBE,2023-001A,2026-06-10T14:50:28.165056,15.42434402,.00070037,97.3177,226.0563,130.8112,229.3744,0,U,55009,999,19121,.30667211E-3,.13193E-3,0
BRO-8,2023-001C,2026-06-10T15:39:04.980672,15.48651696,.00068841,97.3220,226.7434,141.5136,218.6607,0,U,55011,999,19119,.5442969E-3,.29095E-3,0
CONNECTA T1.2,2023-001D,2026-06-10T04:48:52.833600,15.50178440,.00068177,97.3278,231.7696,123.0964,237.0943,0,U,55012,999,19146,.68265426E-3,.38568E-3,0
BIRKELAND,2023-001G,2026-06-10T14:00:46.016352,15.39957765,.00082422,97.3350,229.5371,124.0679,236.1351,0,U,55015,999,19133,.20847413E-3,.8231E-4,0
ION SCV-008,2023-001AU,2026-06-10T05:35:57.405984,15.28493698,.00156549,97.5703,257.4357,42.1631,318.0809,0,U,55051,999,19027,.21257471E-3,.5836E-4,0
ION SCV-007,2023-001BD,2026-06-10T15:05:50.065152,14.77547531,.00123386,97.9008,224.7739,3.9071,356.2233,0,U,55060,999,18528,.57063694E-4,.357E-5,0
HUYGENS,2023-001CN,2026-06-10T15:34:28.226784,15.39964098,.00111948,97.3255,228.8407,106.1341,254.1138,0,U,55093,999,19136,.2164451E-3,.8559E-4,0
SHARJAHSAT-1,2023-001CZ,2026-06-10T14:06:39.190176,15.48808382,.00071798,97.3177,230.2635,122.3245,237.8702,0,U,55104,999,19147,.329462E-3,.17647E-3,0
HORUS 1,2023-025A,2026-06-10T15:36:41.986080,15.23533658,.00022083,97.3466,236.3826,125.5369,234.6074,0,U,55690,999,18305,.20425738E-3,.481E-4,0
HORUS 2,2023-032A,2026-06-10T14:52:49.185408,15.23356373,.00021794,97.3536,237.1525,111.2374,248.9096,0,U,55844,999,18048,.22464056E-3,.5269E-4,0
GLOBAL-19,2023-041B,2026-06-10T14:30:32.800320,15.37873125,.00098824,42.0014,240.2680,318.5649,41.4440,0,U,55982,999,18091,.31477248E-3,.11753E-3,0
BRO-9,2023-054H,2026-06-09T13:49:35.827968,15.97039346,.00065776,97.2949,78.4371,143.5914,216.5811,0,U,56185,999,17787,.10888484E-2,.467986E-2,.92684865E-4
ION SCV-010,2023-054Q,2026-06-10T14:28:52.878720,15.26140379,.00115371,97.3795,51.1884,222.0163,138.0192,0,U,56192,999,17519,.15955515E-3,.4053E-4,0
TELEOS-2,2023-057C,2026-06-09T19:47:10.531680,14.96399866,.00009836,9.9881,257.7953,263.7139,96.2963,0,U,56310,999,17169,-.1668089E-5,.669E-5,0
SNIPE 4,2023-072B,2026-06-10T14:18:01.587744,15.42085378,.00050314,97.5264,7.3937,5.2375,354.8923,0,U,56744,999,16909,.41836769E-3,.1782E-3,0
SNIPE 2,2023-072C,2026-06-10T14:13:56.695584,15.46527112,.00049137,97.5256,10.3895,37.5091,322.6500,0,U,56745,999,16922,.44179739E-3,.21891E-3,0
2023-072G,2023-072G,2026-06-10T14:37:15.065760,15.50198681,.00036043,97.4920,9.2017,30.0627,330.0831,0,U,56749,999,16944,.49725203E-3,.2803E-3,0
GEISAT PRECURSOR,2023-084C,2026-06-10T15:11:45.426624,15.34562208,.00055748,97.6210,302.3716,22.2941,337.8542,0,U,56934,999,16652,.20144831E-3,.6663E-4,0
BLACKJACK ACES-3,2023-084U,2026-06-10T15:30:27.138816,15.18406222,.0003069,97.6198,296.7885,53.0903,307.0611,0,U,56950,999,16617,.2551695E-3,.518E-4,0
BLACKJACK ACES-2,2023-084Z,2026-06-10T07:45:14.645952,15.18527212,.0001517,97.6195,296.5475,68.7721,291.3674,0,U,56955,999,16613,.32055592E-3,.6548E-4,0
BLACKJACK ACES-1,2023-084AA,2026-06-10T15:22:36.525792,15.18521410,.00012788,97.6187,296.6415,98.9325,261.2054,0,U,56956,999,11590,.30315691E-3,.6188E-4,0
ION SCV-011,2023-084AB,2026-06-10T12:30:27.329760,15.28781375,.00083361,98.1382,348.1837,65.9915,294.2195,0,U,56957,999,16479,.17446147E-3,.4796E-4,0
GHOST-3,2023-084AC,2026-06-10T10:33:18.990432,15.47662314,.00056867,97.6202,309.6512,322.3309,37.7542,0,U,56958,999,16697,.31863453E-3,.16382E-3,0
TOMORROW-R2,2023-084AG,2026-06-10T04:29:25.172160,16.02124152,.0007439,97.6021,324.4187,245.7552,114.2950,0,U,56962,999,16793,.71086E-3,.407347E-2,.75186E-4
AFR-1,2023-084AJ,2026-06-10T14:53:26.480832,15.28499881,.00105499,97.6260,298.1542,10.4977,349.6480,0,U,56964,999,16622,.14830021E-3,.4039E-4,0
METEOR-M2 3,2023-091A,2026-06-10T15:13:26.862816,14.24046212,.00039864,98.6091,216.7465,172.5465,187.5774,0,U,57166,999,15358,.12270135E-4,-.15E-6,0
UMKA 1 (RS40S),2023-091G,2026-06-10T13:55:07.330944,15.20740716,.0013946,97.5057,220.3027,138.3432,221.8868,0,U,57172,999,16300,.26928508E-3,.5871E-4,0
2023-091H,2023-091H,2026-06-10T13:42:34.015392,15.28490438,.00111356,97.5055,224.7100,133.1362,227.0811,0,U,57173,999,16329,.37430286E-3,.10324E-3,0
2023-091J,2023-091J,2026-06-10T13:53:24.654912,15.13879691,.00137551,97.5061,214.7694,164.3322,195.8338,0,U,57174,999,16263,.17499057E-3,.3107E-4,0
CUBEBEL 2 (EU11S),2023-091K,2026-06-10T13:46:58.511712,15.28989731,.001114,97.5058,224.7326,134.7355,225.4793,0,U,57175,999,16329,.39672949E-3,.11117E-3,0
SITRO-AIS 5 (KATYS),2023-091L,2026-06-10T12:39:09.464832,15.29300933,.00127477,97.5066,225.3637,124.0411,236.2041,0,U,57176,999,16332,.39083199E-3,.11062E-3,0
ZORKIY-2M 1,2023-091M,2026-06-10T15:10:46.540704,15.20816602,.00145574,97.5097,220.6187,135.7140,224.5263,0,U,57177,999,16300,.293049E-3,.6412E-4,0
CUBESX-HSE 3 (RS42S),2023-091N,2026-06-10T13:45:22.875552,15.31046056,.00121538,97.5098,227.0773,115.0062,245.2442,0,U,57178,999,16341,.39216692E-3,.11715E-3,0
MONITOR-3 (RS58S),2023-091Q,2026-06-10T13:59:44.210112,15.27706933,.00130698,97.5090,224.9812,121.1888,239.0634,0,U,57180,999,16328,.36409173E-3,.9809E-4,0
MONITOR-4 (RS57S),2023-091S,2026-06-10T15:04:25.905504,15.27799469,.00130681,97.5084,224.9972,121.3755,238.8765,0,U,57182,999,16329,.3193075E-3,.8616E-4,0
MONITOR-2 (RS39S),2023-091U,2026-06-10T14:13:50.101536,15.18847932,.00124957,97.5079,219.9185,131.3066,228.9246,0,U,57184,999,16295,.21225025E-3,.4361E-4,0
SVYATOBOR 1 (RS60S),2023-091X,2026-06-10T15:15:13.532256,15.26501600,.00109087,97.5095,225.4165,114.0648,246.1733,0,U,57187,999,16331,.29577486E-3,.766E-4,0
HORS 1,2023-091Y,2026-06-10T14:55:02.925696,15.26605514,.0010364,97.5073,225.1658,113.7461,246.4865,0,U,57188,999,16331,.29782392E-3,.7736E-4,0
VIZARD-METEO (RS38S),2023-091Z,2026-06-10T13:37:14.249856,15.35812743,.00085982,97.5097,230.9209,97.3628,262.8593,0,U,57189,999,16367,.43108115E-3,.14966E-3,0
SITRO-AIS 6 (CHIRKIN),2023-091AC,2026-06-10T13:21:14.053824,15.25806993,.00130392,97.5075,224.5474,126.9205,233.3229,0,U,57192,999,16327,.33569304E-3,.853E-4,0
SITRO-AIS 8 (ANOKHIN),2023-091AD,2026-06-10T14:54:24.643584,15.31953973,.00118518,97.5062,227.0207,120.0969,240.1449,0,U,57193,999,16344,.43267516E-3,.13306E-3,0
SITRO-AIS 7 (FARTUSHNIY),2023-091AE,2026-06-10T13:23:49.479648,15.25496778,.00128564,97.5072,224.3776,127.7695,232.4710,0,U,57194,999,16326,.3294604E-3,.8291E-4,0
AVION KALUGA 650,2023-091AF,2026-06-10T13:55:48.559296,15.20281146,.00116933,97.5095,221.1837,129.2945,230.9329,0,U,57195,999,16302,.25388644E-3,.5453E-4,0
HORS 2,2023-091AG,2026-06-10T15:09:47.234880,15.31721532,.00095168,97.5094,228.5726,107.2280,253.0004,0,U,57196,999,16352,.37532122E-3,.11437E-3,0
A-SEANSAT-PG1,2023-091AH,2026-06-10T13:33:58.705056,15.36728848,.00085425,97.5085,231.0062,104.5649,255.6543,0,U,57197,999,16369,.45628321E-3,.16322E-3,0
SITRO-AIS 10 (BURDAEV),2023-091AK,2026-06-10T14:45:44.792928,15.38358562,.00078548,97.5086,232.0013,99.6184,260.5948,0,U,57199,999,16375,.48117105E-3,.18151E-3,0
SITRO-AIS 9 (SHCHUKIN),2023-091AM,2026-06-10T13:47:04.803360,15.37876768,.0008114,97.5083,231.6946,99.9137,260.3023,0,U,57201,999,16373,.47297527E-3,.17563E-3,0
UTMN 2 (RS27S),2023-091AP,2026-06-10T14:15:55.477440,15.31888060,.00094675,97.5093,228.7247,103.3750,256.8548,0,U,57203,999,16353,.39089895E-3,.11977E-3,0
SITRO-AIS 12 (SMIRENNIY),2023-091AQ,2026-06-10T13:35:22.340256,15.38165096,.00076861,97.5097,232.1494,95.0369,265.1753,0,U,57204,999,16375,.45404919E-3,.17012E-3,0
SITRO-AIS 11 (SHEFFER),2023-091AU,2026-06-10T13:57:18.757440,15.38587074,.00075792,97.5095,232.4073,94.7549,265.4562,0,U,57208,999,16377,.47291152E-3,.17969E-3,0
H2SAT (HEINRICH HERTZ),2023-093A,2026-06-10T09:52:10.917408,1.00272286,.00015846,0.0560,110.6939,29.5886,267.2286,0,U,57213,999,1084,0,.2E-6,0
KUZGTU 1 (RS47S),2023-091AV,2026-06-10T11:49:59.273760,15.29706460,.00123699,97.5070,225.9053,118.6664,241.5821,0,U,57217,999,16335,.37715658E-3,.10805E-3,0
QIANKUN-1,2023-103B,2026-06-09T15:22:27.585120,16.07652254,.00276189,96.1559,206.0084,148.5135,211.7811,0,U,57422,999,16608,.20583994E-4,.16846E-3,.1783529E-5
FENGYUN 3F,2023-111A,2026-06-10T15:10:34.183776,14.19937936,.00015906,98.6841,231.7629,97.9860,262.1497,0,U,57490,999,14793,.26207083E-4,.12E-6,0
METEOR 2-1 DEB,1975-064F,2026-06-08T19:49:32.638080,14.29430842,.00112045,81.2796,7.6224,86.9874,273.2590,0,U,57492,999,40179,.1931023E-2,.4941E-4,0
HJ-2F,2023-116A,2026-06-10T14:43:18.973056,15.22226446,.00103774,97.3845,166.9468,71.2158,289.0204,0,U,57519,999,15775,.29928477E-3,.682E-4,0
XRISM,2023-137A,2026-06-10T03:05:51.489024,15.12404798,.0007944,31.0029,45.3183,253.7122,106.2643,0,U,57800,999,15179,.25478E-3,.4635E-4,0
METEOR-M2 4,2024-039A,2026-06-10T15:23:56.139072,14.22428895,.00068968,98.7008,121.0220,179.6081,180.5103,0,U,59051,999,11833,.20439367E-4,.2E-7,0
GRBBETA,2024-128C,2026-06-10T13:59:42.497664,15.06595991,.00415462,61.9898,239.4357,133.2177,227.2398,0,U,60237,999,10527,.22461953E-3,.3187E-4,0
TRANSPORTER-11 OBJECT A,2024-149A,2026-06-10T11:52:42.846240,15.32797834,.00022009,97.3730,241.4461,221.5294,138.5781,0,U,60468,999,10103,.25231582E-3,.7915E-4,0
WARATAH SEED-1,2024-149B,2026-06-10T04:55:07.732704,15.35770996,.00008965,97.3690,241.7739,199.0535,161.0675,0,U,60469,999,10104,.34929476E-3,.12079E-3,0
PHISAT 2,2024-149C,2026-06-10T02:51:44.910720,15.30948449,.0000379,97.3755,240.3752,182.8472,177.2767,0,U,60470,999,10091,.21943E-3,.6485E-4,0
LEMUR-2-TOMATOKECHUP,2024-149D,2026-06-10T04:50:21.804864,15.35884698,.00007423,97.3797,243.2313,194.7677,165.3545,0,U,60471,999,10109,.27691409E-3,.9591E-4,0
CONNECTA IOT-1,2024-149E,2026-06-10T11:05:32.658720,15.23488943,.00008591,97.3759,237.8672,357.8976,2.2257,0,U,60472,999,10077,.15237377E-3,.3565E-4,0
LOPEN,2024-149F,2026-06-10T12:01:20.675136,15.39494105,.00001773,97.3777,244.8175,191.7449,168.3793,0,U,60473,999,10123,.34996541E-3,.13658E-3,0
ROCK,2024-149G,2026-06-10T11:41:58.817184,15.39491484,.00004788,97.3773,244.8198,219.1939,140.9272,0,U,60474,999,10123,.36169281E-3,.14118E-3,0
CONNECTA IOT-3,2024-149H,2026-06-10T11:36:24.167520,15.23501028,.00013854,97.3734,237.6434,305.8162,54.2946,0,U,60475,999,10078,.16417685E-3,.3848E-4,0
QUBE,2024-149J,2026-06-10T04:30:27.584928,15.46882316,.0001331,97.3773,247.4884,214.5294,145.5869,0,U,60476,999,10138,.43466E-3,.21794E-3,0
WREN-1,2024-149L,2026-06-10T12:18:25.024896,15.41293470,.00029518,97.3767,245.5565,282.8586,77.2331,0,U,60478,999,10129,.44233181E-3,.18354E-3,0
TOMORROW-S1,2024-149M,2026-06-10T13:00:57.362112,15.32624882,.00010378,97.3750,242.0357,256.1896,103.9230,0,U,60479,999,10107,.21582667E-3,.6721E-4,0
FLOCK 4BE-18,2024-149N,2026-06-10T04:49:32.943072,15.41635789,.00023891,97.3729,244.8588,270.0697,90.0276,0,U,60480,999,10123,.39459106E-3,.16547E-3,0
FLOCK 4BE-7,2024-149P,2026-06-10T11:04:21.696672,15.40043307,.00015691,97.3757,244.4744,276.9044,83.2024,0,U,60481,999,10121,.49965911E-3,.19907E-3,0
FLOCK 4BE-26,2024-149S,2026-06-10T11:14:36.010176,15.66611160,.00048876,97.3655,247.1636,217.3655,142.7266,0,U,60484,999,10141,.11637016E-2,.123195E-2,0
TOMORROW-S2,2024-149T,2026-06-09T18:56:53.424672,15.32641135,.00013708,97.3815,241.7675,320.4268,39.6873,0,U,60485,999,10095,.22648776E-3,.7061E-4,0
FLOCK 4BE-36,2024-149U,2026-06-10T12:01:13.284480,15.42516861,.00021357,97.3745,245.8501,291.3936,68.7084,0,U,60486,999,10132,.3305191E-3,.14255E-3,0
FLOCK 4BE-25,2024-149V,2026-06-10T04:40:15.267360,15.38659096,.00008059,97.3798,244.2985,269.8112,90.3041,0,U,60487,999,10116,.34336337E-3,.13036E-3,0
FLOCK 4BE-31,2024-149W,2026-06-10T05:07:29.455968,15.43823863,.00010701,97.3798,246.3977,294.2450,65.8686,0,U,60488,999,10130,.42066372E-3,.18993E-3,0
FLOCK 4BE-20,2024-149X,2026-06-10T13:04:41.819808,15.37886346,.00022151,97.3697,243.5471,287.7856,72.3147,0,U,60489,999,10119,.31895857E-3,.11802E-3,0
FLOCK 4BE-23,2024-149Y,2026-06-10T12:48:15.880896,15.37507380,.00019244,97.3779,243.9080,302.0079,58.0978,0,U,60490,999,10117,.30403496E-3,.11107E-3,0
FLOCK 4BE-15,2024-149Z,2026-06-10T11:26:03.729120,15.58574418,.00023032,97.3687,246.6120,252.6994,107.4011,0,U,60491,999,10138,.10832586E-2,.83529E-3,0
FLOCK 4BE-17,2024-149AA,2026-06-10T04:50:34.051200,15.39587622,.00016155,97.3773,244.5177,276.8581,83.2481,0,U,60492,999,10118,.35086417E-3,.13735E-3,0
NUSAT-50 (NANCY ROMAN),2024-149AB,2026-06-10T11:55:04.917216,15.29739140,.00028422,97.3787,242.7996,195.6913,164.4240,0,U,60493,999,10110,.29538679E-3,.8436E-4,0
FLOCK 4BE-22,2024-149AC,2026-06-10T13:54:01.941696,15.40962911,.00021308,97.3734,245.0786,292.5802,67.5219,0,U,60494,999,10128,.34130858E-3,.1398E-3,0
FLOCK 4BE-34,2024-149AD,2026-06-10T11:11:41.705952,15.40965950,.00020611,97.3781,245.7831,309.9498,50.1567,0,U,60495,999,10129,.36505938E-3,.14962E-3,0
TYCHE,2024-149AE,2026-06-10T12:18:06.155136,15.25932943,.00007382,97.3755,239.4177,327.2304,32.8889,0,U,60496,999,10088,.15514462E-3,.3908E-4,0
FLOCK 4BE-32,2024-149AF,2026-06-10T12:06:05.971392,15.41934996,.00021536,97.3720,245.3602,296.8758,63.2269,0,U,60497,999,10130,.39309713E-3,.16649E-3,0
NUSAT-48 (HENRIETTA LEAVITT),2024-149AG,2026-06-10T11:38:58.153920,15.30003791,.00025404,97.3914,243.0194,311.6205,48.4818,0,U,60498,999,10111,.29391513E-3,.8462E-4,0
FLOCK 4BE-30,2024-149AH,2026-06-10T12:04:43.190688,15.54863623,.00033165,97.3779,246.8050,239.4462,120.6465,0,U,60499,999,10073,.1639696E-2,.110651E-2,0
NUSAT-49 (KLARA DAN VON NEUMANN),2024-149AJ,2026-06-10T12:41:53.364768,15.29834946,.00015527,97.3781,242.8632,13.7339,346.3944,0,U,60500,999,10111,.26338658E-3,.7535E-4,0
FLOCK 4BE-11,2024-149AK,2026-06-10T12:03:27.377280,15.42762344,.00023119,97.3701,245.5823,295.5432,64.5577,0,U,60501,999,10132,.35764438E-3,.15562E-3,0
YAM-7,2024-149AN,2026-06-10T11:01:30.372384,15.31726634,.00024326,97.3783,241.7366,343.9978,16.1186,0,U,60504,999,10102,.2175611E-3,.6587E-4,0
FLOCK 4BE-24,2024-149AP,2026-06-10T03:57:37.595808,15.42816293,.0002552,97.3712,245.4943,311.8242,48.2787,0,U,60505,999,10128,.43183E-3,.18851E-3,0
LUR-1,2024-149AQ,2026-06-10T04:20:02.643360,15.30015041,.0003365,97.3738,240.0598,352.2761,7.8428,0,U,60506,999,10090,.21893E-3,.6285E-4,0
TANAGER-1,2024-149AR,2026-06-10T05:29:49.210656,15.44922363,.00032272,97.2727,255.4802,334.7944,25.3147,0,U,60507,999,10196,.58018698E-4,.264E-4,0
EAGLEEYE,2024-149AS,2026-06-10T05:22:50.660544,15.69668366,.00034342,97.3717,254.1839,255.3748,104.7134,0,U,60508,999,10184,.77403148E-3,.92367E-3,0
FLOCK 4BE-29,2024-149AT,2026-06-10T12:06:58.008384,15.43926186,.00015848,97.3808,247.2779,340.1741,19.9445,0,U,60509,999,10138,.35403895E-3,.1602E-3,0
TRANSPORTER-11 OBJECT AU,2024-149AU,2026-06-10T11:53:57.510528,15.40036064,.00024669,97.3730,245.1636,327.3764,32.7329,0,U,60510,999,10128,.32680291E-3,.12977E-3,0
FLOCK 4BE-2,2024-149AV,2026-06-10T11:37:15.674016,15.51990332,.00026467,97.3833,248.5911,282.8164,77.2792,0,U,60511,999,10146,.85314369E-3,.5147E-3,0
FLOCK 4BE-13,2024-149AW,2026-06-10T11:18:22.364352,15.41710093,.00027963,97.3719,245.8133,296.8072,63.2889,0,U,60512,999,10133,.31878693E-3,.1338E-3,0
FLOCK 4BE-27,2024-149AX,2026-06-10T13:01:18.837696,15.34331959,.00030083,97.3826,243.3911,348.9722,11.1454,0,U,60513,999,10112,.25129837E-3,.8275E-4,0
FLOCK 4BE-9,2024-149AY,2026-06-10T11:10:12.960192,15.40596672,.00016381,97.3792,245.6725,343.8286,16.2908,0,U,60514,999,10128,.35886122E-3,.14527E-3,0
FLOCK 4BE-6,2024-149BA,2026-06-10T11:44:02.454720,15.39398143,.00022625,97.3787,245.0675,335.6577,24.4561,0,U,60516,999,10124,.34881467E-3,.1357E-3,0
FLOCK 4BE-14,2024-149BB,2026-06-10T13:02:55.139136,15.40784762,.00031718,97.3697,245.2531,327.7052,32.4000,0,U,60517,999,10130,.34995241E-3,.14254E-3,0
FLOCK 4BE-1,2024-149BC,2026-06-10T12:02:21.686496,15.42384225,.00028635,97.3778,246.4642,325.9264,34.1799,0,U,60518,999,10134,.36217406E-3,.15563E-3,0
FLOCK 4BE-28,2024-149BD,2026-06-10T04:50:46.291488,15.44670790,.00029678,97.3747,246.8634,320.7420,39.3613,0,U,60519,999,10136,.38089346E-3,.17688E-3,0
IPERDRONE.0,2024-149BE,2026-06-10T12:48:57.427200,15.65695648,.00029907,97.3775,254.4227,243.1306,116.9648,0,U,60520,999,10187,.66633425E-3,.67481E-3,0
TRANSPORTER-11 OBJECT BF,2024-149BF,2026-06-10T05:45:15.518880,15.81675630,.00051998,97.3758,256.6563,242.7875,117.2864,0,U,60521,999,10198,.10298882E-2,.210205E-2,0
CONNECTA IOT-2,2024-149BG,2026-06-10T11:35:00.487392,15.23919024,.00061833,97.3838,239.7299,3.4117,356.7161,0,U,60522,999,10087,.17344459E-3,.4121E-4,0
PTD-R (TYVAK-0127),2024-149BH,2026-06-10T05:44:02.921280,16.14437527,.00107216,97.3869,261.5616,268.6299,91.3759,0,U,60523,999,10232,.11751524E-2,.1440089E-1,.16063534E-2
CONNECTA IOT-4,2024-149BJ,2026-06-10T04:46:29.166816,15.41891525,.00040699,97.3798,245.4876,319.0457,41.0484,0,U,60524,999,10125,.38318885E-3,.16206E-3,0
ORESAT0.5,2024-149BK,2026-06-10T12:16:57.948384,15.44828795,.00040545,97.3722,247.4110,305.2214,54.8654,0,U,60525,999,10144,.37891933E-3,.17693E-3,0
DEIMOS,2024-149BL,2026-06-10T05:11:26.483136,15.43977540,.00040871,97.3780,247.2551,315.8068,44.2853,0,U,60526,999,10137,.38545357E-3,.17487E-3,0
CUAVA-2,2024-149BM,2026-06-10T12:05:07.168416,15.35962750,.00054859,97.3725,243.0119,324.9036,35.1846,0,U,60527,999,10114,.30972285E-3,.1077E-3,0
ERNST,2024-149BN,2026-06-10T11:21:35.745696,15.39030193,.00047884,97.3808,245.1434,329.9654,30.1316,0,U,60528,999,10124,.33707818E-3,.12956E-3,0
TORO,2024-149BQ,2026-06-10T11:39:59.775264,14.96398297,.00017246,97.6784,236.2788,89.8501,270.2918,0,U,60530,999,9895,.20208169E-3,.2233E-4,0
HYPSO-2,2024-149BR,2026-06-10T10:59:03.035328,14.98761460,.00012614,97.6821,237.8176,41.8210,318.3109,0,U,60531,999,9904,.14553862E-3,.1694E-4,0
LEMU NGE,2024-149BS,2026-06-10T11:48:11.678112,14.94927535,.00025406,97.6843,236.5865,76.4992,283.6511,0,U,60532,999,9895,.24300703E-3,.2596E-4,0
LEMUR-2-STELLA,2024-149BT,2026-06-10T11:06:17.958240,15.11661191,.00017292,97.6731,243.8889,99.7271,260.4154,0,U,60533,999,9948,.59621632E-3,.10082E-3,0
SATELIOT_2,2024-149BU,2026-06-10T14:33:40.097376,14.96334387,.00018244,97.6822,236.6826,103.3709,256.7716,0,U,60534,999,9898,.1577741E-3,.1728E-4,0
NIGHTJAR,2024-149BV,2026-06-10T10:48:14.107392,14.98989128,.0002061,97.6862,238.2511,83.8943,276.2514,0,U,60535,999,14186,.16656315E-3,.1959E-4,0
LEMUR-2-MARHISYAM,2024-149BW,2026-06-10T05:48:24.414336,15.11118694,.00031016,97.6879,244.1092,130.9350,229.2148,0,U,60536,999,9943,.64712786E-3,.10787E-3,0
SATELIOT_4,2024-149BX,2026-06-10T13:14:57.046560,14.96643675,.00034408,97.6738,236.1610,76.3383,283.8222,0,U,60537,999,9898,.19021648E-3,.2112E-4,0
PICO-02A021,2024-149BY,2026-06-09T10:40:30.877248,15.03169138,.00054248,97.6731,239.3437,49.7626,310.4073,0,U,60538,999,9857,.36415045E-3,.4863E-4,0
ICEYE-X43,2024-149BZ,2026-06-10T11:44:51.482400,14.99567631,.00079107,97.6770,238.5471,104.2076,256.0027,0,U,60539,999,9911,.27984634E-3,.3384E-4,0
HAWK-10A,2024-149CA,2026-06-10T11:35:51.339840,14.96489363,.0004925,97.6891,237.5094,95.8657,264.3126,0,U,60540,999,9898,.14987469E-3,.1645E-4,0
UMBRA-09,2024-149CB,2026-06-10T05:04:52.794624,15.17842409,.0000171,97.6967,248.2995,341.7738,18.3489,0,U,60541,999,9966,.77121389E-3,.15561E-3,0
QPS-SAR-8 (AMATERU-IV),2024-149CC,2026-06-10T11:23:17.140416,15.04072286,.00050318,97.6669,240.6812,121.1836,238.9884,0,U,60542,999,9926,.34282824E-3,.4686E-4,0
ARCTIC WEATHER SATELLITE,2024-149CD,2026-06-10T10:29:35.761344,14.89795342,.00034355,97.6802,232.0958,116.7059,243.4511,0,U,60543,999,9829,.74139227E-4,.658E-5,0
CAPELLA-15 (ACADIA-5),2024-149CE,2026-06-10T11:36:27.349632,14.92406163,.00056216,97.6771,234.5553,101.0448,259.1404,0,U,60544,999,9885,.39607309E-3,.4002E-4,0
HAWK-10B,2024-149CF,2026-06-10T11:35:38.078304,14.96491065,.00068312,97.6811,236.8713,111.5536,248.6414,0,U,60545,999,9898,.15611745E-3,.1716E-4,0
ICEYE-X39,2024-149CG,2026-06-10T11:20:06.781344,14.99855171,.00045932,97.6762,238.5877,136.0539,224.1050,0,U,60546,999,9911,.23565637E-3,.2861E-4,0
UMBRA-10,2024-149CH,2026-06-10T05:04:14.307744,15.17831081,.00009897,97.6970,248.3258,70.2137,289.9202,0,U,60547,999,9967,.73073244E-3,.14734E-3,0
ICEYE-X33,2024-149CJ,2026-06-10T04:03:20.500128,15.00898546,.000149,97.7254,240.3486,107.0787,253.0600,0,U,60548,999,9915,.34404E-3,.432E-4,0
ICEYE-X40,2024-149CK,2026-06-10T11:44:04.010784,14.97909449,.0006412,97.6804,238.0917,101.2312,258.9632,0,U,60549,999,9907,.12385186E-3,.1401E-4,0
SATELIOT_1,2024-149CL,2026-06-10T05:07:25.987872,14.98035310,.00080386,97.6738,237.2273,100.3552,259.8577,0,U,60550,999,9902,.17260903E-3,.1983E-4,0
BRO-14,2024-149CM,2026-06-10T04:09:10.948896,14.96162492,.00082,97.6877,237.0766,115.1856,245.0217,0,U,60551,999,9894,.85513E-4,.906E-5,0
SATELIOT_3,2024-149CN,2026-06-10T10:57:12.232512,14.98030866,.0006185,97.6825,238.2524,101.6218,258.5698,0,U,60552,999,9907,.10576892E-3,.1192E-4,0
BRO-15,2024-149CP,2026-06-10T11:45:17.982144,14.96131301,.00096355,97.6801,236.9951,108.0366,252.1906,0,U,60553,999,9900,.11657559E-3,.1256E-4,0
UM5-RIBAT,2024-149CQ,2026-06-10T11:20:42.924192,15.01038128,.00037836,97.6641,239.3635,72.1170,288.0466,0,U,60554,999,9918,.20822057E-3,.2601E-4,0
UM5-EOSAT,2024-149CR,2026-06-10T04:11:19.252896,15.01474511,.0008609,97.6684,239.9947,135.0160,225.1763,0,U,60555,999,9916,.29627E-3,.3772E-4,0
LASARSAT,2024-247Q,2026-06-09T19:18:52.108128,15.45910909,.0008391,44.9750,303.6854,290.3514,69.6474,0,U,62391,999,8217,.71316E-3,.35312E-3,0
CROCUBE,2024-247T,2026-06-10T15:36:43.605216,15.47795780,.00082402,44.9722,296.3748,298.7103,61.2959,0,U,62394,999,8233,.6699756E-3,.35404E-3,0
TEVEL2-4,2025-052D,2026-06-09T16:23:28.766976,15.34347478,.00045286,97.3918,57.0647,116.3023,243.8685,0,U,63213,999,6896,.51593665E-3,.17103E-3,0
TEVEL2-5,2025-052E,2026-06-10T05:23:10.191264,15.34197759,.00045073,97.3913,57.5550,117.7852,242.3848,0,U,63214,999,6904,.53328732E-3,.17598E-3,0
TEVEL2-6,2025-052F,2026-06-10T15:04:13.808640,15.34172180,.00045027,97.3920,57.9437,117.4748,242.6953,0,U,63215,999,6910,.48042043E-3,.15829E-3,0
TEVEL2-1,2025-052H,2026-06-10T11:00:54.521568,15.33643468,.00043523,97.3892,57.4069,126.5292,233.6352,0,U,63217,999,6906,.52380106E-3,.16982E-3,0
TEVEL2-3,2025-052J,2026-06-10T10:53:32.424000,15.33693057,.00045943,97.3880,57.4231,125.5277,234.6394,0,U,63218,999,6906,.45004687E-3,.14599E-3,0
TEVEL2-2,2025-052K,2026-06-10T06:19:32.932704,15.33646958,.00043374,97.3890,57.2137,128.0186,232.1449,0,U,63219,999,6903,.54174536E-3,.1757E-3,0
TEVEL2-9,2025-052AD,2026-06-10T14:58:39.929664,15.31695500,.0007199,97.3953,56.9633,149.0429,211.1238,0,U,63237,999,6902,.45314206E-3,.13811E-3,0
TEVEL2-7,2025-052AE,2026-06-10T14:21:40.896864,15.31404254,.00072933,97.3954,56.8565,149.8573,210.3089,0,U,63238,999,6901,.46405865E-3,.14018E-3,0
TEVEL2-8,2025-052AF,2026-06-09T16:36:09.084384,15.31361975,.00071697,97.3952,55.9294,153.0566,207.1049,0,U,63239,999,6887,.467774E-3,.14112E-3,0
FORESAIL-1 PRIME,2025-276DS,2026-06-10T03:27:30.040416,15.18638120,.0003804,97.4201,234.5441,117.9504,242.2116,0,U,66778,999,2933,.22914E-3,.4678E-4,0
,,,,,,,,,,,,,,,,
,,,,,,,,,,,,,,,,
,,,,,,,,,,,,,,,,
,,,,,,,,,,,,,,,,
,,,,,,,,,,,,,,,,