norad_id,name,mean_motion_nominal,eccentricity,inclination_deg,bstar,mean_motion_dot,altitude_km_approx,period_minutes
965,OPS 6582 (TRANSIT 5B-5),13.57012227,0.00396664,90.0765,8.1821082e-05,6.7e-07,1053.7,106.12
1002,LES-1,9.88354979,0.00156093,32.1457,-0.0012486036,-1e-08,2800.9,145.7
1291,SOLRAD 7B,13.94974909,0.00191327,70.0794,3.2486228e-05,-8e-08,918.4,103.23
1315,SECOR 4 (EGRS 4),12.92667572,0.00300552,90.2498,0.00027210966,8.1e-07,1298.1,111.4
1430,TIROS 10,14.41628644,0.00564684,98.5031,5.531473e-05,1.39e-06,760.3,99.89
1804,ALOUETTE 2,12.28337899,0.13296843,79.8015,0.0001390683,4.18e-06,1563.6,117.23
2389,OV3-3,13.45165047,0.10126861,81.3252,0.00067986909,0.00015189,1097.2,107.05
2411,SECOR 7 (EGRS 7),8.59615314,0.0011654,90.3353,-0.0094660848,-1.7e-07,3695.2,167.52
2412,ERS 15,8.59079282,0.00073123,90.3351,0.0,2e-08,3699.4,167.62
3669,ISIS 1,11.30433019,0.1706046,88.442,5.3146e-05,7.1e-07,2015.3,127.38
3891,SECOR 13 (EGRS 13),13.42976767,0.0038665,99.6499,2.0944948e-05,-3.1e-07,1105.3,107.22
4068,ATS 5,0.99497597,0.00052471,0.2486,0.0,-2.23e-06,36012.2,1447.27
4237,OPS 7613 (P/L 4),13.95995424,0.00188462,70.0138,5.2651376e-05,1.9e-07,914.8,103.15
4256,OPS 7613 (P/L 1),13.99195995,0.00171908,70.0102,8.6511467e-05,7.2e-07,903.7,102.92
5485,SHINSEI (MS-F2),12.74251956,0.06396246,32.053,6.7665088e-05,5.1e-07,1371.8,113.01
5580,PROSPERO (BLACK ARROW),14.01593999,0.05001575,82.0386,0.00023025629,1.078e-05,895.4,102.74
5680,OPS 7898 (P/L 2),13.74758322,0.00081964,69.9904,4.7230139e-05,-5e-08,989.7,104.75
6235,NOAA 2 (ITOS-D),12.53214761,0.00041643,102.0074,0.00011785724,-2.8e-07,1458.2,114.9
7530,OSCAR 7 (AO-7),12.53697951,0.0012501,101.9901,8.4573e-05,-3.3e-07,1456.2,114.86
11060,TIROS N,14.19373268,0.00091395,98.4531,6.7385698e-05,1e-06,834.6,101.45
14129,PHASE 3B (AO-10),2.0587298,0.60142661,25.9048,0.0,-1.94e-06,19730.7,699.46
14154,HILAT,14.38707193,0.00381928,82.0231,0.00010173945,3.3e-06,769.9,100.09
14781,UOSAT 2 (UO-11),14.90765931,0.00069809,97.8055,0.00012370125,1.16e-05,602.7,96.59
15427,NOAA 9,14.17066416,0.00148357,99.0989,6.4231116e-05,8.3e-07,842.4,101.62
15595,GEOSAT,14.39963246,0.00012645,108.0434,6.7766914e-05,7.8e-07,765.8,100.0
18351,EUTELSAT 1-F4 (ECS 4),0.98691179,0.0011178,13.8334,0.0,-2.17e-06,36242.7,1459.1
20439,PACSAT (AO-16),14.33934604,0.00095326,98.8524,5.2724959e-05,1e-06,785.7,100.42
20442,LUSAT (LO-19),14.34121162,0.00107749,98.8852,5.2314203e-05,1e-06,785.1,100.41
21688,IRS-1B,13.97874026,0.00249263,99.4109,0.00026874977,3.35e-06,908.3,103.01
22034,COSMOS 2197,12.64251932,0.00113885,82.5943,-3.5292737e-05,4e-08,1412.6,113.9
22491,PEGASUS R/B,14.57962119,0.00441004,24.9764,0.00014085943,8.71e-06,706.9,98.77
22825,EYESAT A (AO-27),14.30940455,0.00094356,98.6881,4.5161916e-05,7.4e-07,795.7,100.63
22826,ITAMSAT (IO-26),14.31367133,0.0010048,98.6829,4.4367828e-05,7.3e-07,794.3,100.6
23439,RADIO ROSTO (RS15),11.27583632,0.01557399,64.8187,7.2412525e-05,-4e-07,2029.5,127.71
24278,JAS-2 (FO-29),13.53273851,0.03508075,98.5246,3.8836938e-05,6e-08,1067.4,106.41
24920,FORTE,14.27942497,0.00245408,69.9542,7.0070361e-05,1.16e-06,805.8,100.84
25338,NOAA 15,14.27144513,0.00104582,98.5067,6.2925606e-05,1.11e-06,808.4,100.9
25397,TECHSAT 1B (GO-32),14.24427136,6.75e-05,99.0066,4.3187328e-05,5.3e-07,817.6,101.09
25544,ISS (ZARYA),15.49162374,0.00058814,51.6361,0.00010451669,5.345e-05,426.3,92.95
25635,ORSTED,14.51802284,0.0131082,96.4831,8.2301742e-05,3.37e-06,726.9,99.19
25682,LANDSAT 7,14.63911261,0.00018131,97.8579,7.7976563e-05,3.63e-06,687.7,98.37
25984,ORBCOMM FM36,14.3918469,0.00053555,45.037,0.0002442941,6.21e-06,768.3,100.06
25991,DMSP 5D-3 F15 (USA 147),14.17562588,0.0010404,98.9963,8.8849679e-05,1.35e-06,840.7,101.58
26063,OPAL (OO-38),14.37962127,0.00364453,100.1912,5.6335705e-05,1.12e-06,772.4,100.14
26113,IMAGE,1.68665472,0.7438912,94.221,0.015647506,3.3e-07,23440.5,853.76
26410,CLUSTER II-FM7 (SAMBA),0.44840364,0.90481912,149.9132,0.0,4.459e-05,65732.4,3211.39
26464,CLUSTER II-FM8 (TANGO),0.44412171,0.90507473,150.1501,0.0,4.392e-05,66195.1,3242.35
26546,MEGSAT-1,15.05458863,0.0042001,64.5498,0.00018785343,2.577e-05,557.2,95.65
26609,PHASE 3D (AO-40),1.25588197,0.79309292,9.4389,0.0,-4.3e-07,29917.5,1146.6
26702,ODIN,15.73638419,0.00065541,97.3853,0.0010092693,0.00143252,355.6,91.51
26857,OMNI-M1,3.92401508,0.00145,44.8338,0.0,-1.1e-07,10608.1,366.97
26931,PCSAT (NO-44),14.31953756,0.00061037,67.051,5.5711e-05,6.6e-07,792.3,100.56
26958,PROBA-1,15.074694,0.00556819,97.9603,0.00017812258,2.726e-05,551.1,95.52
27421,SPOT 5,14.54746922,0.01283288,97.9848,5.6422447e-05,2.19e-06,717.3,98.99
27431,FENGYUN 1D,14.10223724,0.00143289,98.9519,3.0815647e-05,1e-07,865.7,102.11
27607,SAUDISAT 1C (SO-50),14.83031935,0.00753998,64.5505,0.00012205633,8.88e-06,626.9,97.1
27640,CORIOLIS,14.19943013,0.00130596,98.7126,6.1618233e-05,8.7e-07,832.7,101.41
27844,CUTE-1 (CO-55),14.24331486,0.0009062,98.6735,0.00012935,2.55e-06,817.9,101.1
27848,CUBESAT XI-IV (CO-57),14.23617305,0.00086366,98.6767,0.00011308922,2.14e-06,820.3,101.15
27939,MOZHAETS 4 (RS22),14.73456279,0.00100791,98.3475,0.00016034468,9.87e-06,657.2,97.73
28051,IRS-P6 (RESOURCESAT-1),14.36160402,0.00643203,98.1911,6.3569406e-05,1.49e-06,778.3,100.27
28371,SAUDISAT 2,14.56679989,0.00238731,98.5506,6.4243332e-05,2.38e-06,711.1,98.85
28380,COSMOS 2407,13.76334267,0.00377866,82.9609,3.0670892e-05,4.5e-07,984.1,104.63
28521,COSMOS 2414,13.87926028,0.00399712,82.9504,2.9026614e-05,5e-07,943.0,103.75
28628,INMARSAT 4-F1,1.00271523,0.00026256,5.1579,0.0,4.7e-07,35793.8,1436.1
28650,HAMSAT (VO-52),15.09667831,0.00205336,97.9905,0.00026717777,4.252e-05,544.4,95.39
28654,NOAA 18,14.13728072,0.00145752,98.8112,3.9965512e-05,3.2e-07,853.8,101.86
28737,SJ-7,15.21440756,0.0016946,97.7292,0.00031936967,7.128e-05,508.6,94.65
28895,CUBESAT XI-V,14.72613094,0.00132191,98.2977,0.00020389042,1.246e-05,659.9,97.79
29107,CLOUDSAT,14.86380636,0.00052195,98.393,0.00011127776,9.21e-06,616.4,96.88
29108,CALIPSO,14.69336571,0.00010337,98.447,0.00016566384,9.26e-06,670.3,98.0
29479,HINODE (SOLAR-B),14.6861396,0.00162776,98.0549,0.00011674838,6.3e-06,672.6,98.05
29499,METOP-A,14.75951658,0.01752372,98.3324,0.00022851246,1.956e-05,649.3,97.56
29506,SHIJIAN-6 02B (SJ-6 02B),15.01361321,0.00149236,97.7165,0.00012313638,1.529e-05,569.8,95.91
29522,DMSP 5D-3 F17 (USA 191),14.14992135,0.00113063,98.7378,2.8783301e-05,1.3e-07,849.5,101.77
29709,LAPAN-TUBSAT,14.8594221,0.0011354,98.1346,-8.654317e-06,-1.33e-06,617.8,96.91
31113,HAIYANG-1B,14.31025222,0.00126273,98.3491,4.6122611e-05,8e-07,795.4,100.63
31115,BEIDOU-2 M1,1.77349255,0.00020501,50.9327,0.0,4.3e-07,22459.3,811.96
31130,CAPE-1,14.6485579,0.00848972,98.4459,0.00023127672,1.247e-05,684.7,98.3
32062,CBERS 2B,14.41472644,0.00309996,98.3922,7.7285122e-05,2.09e-06,760.8,99.9
32376,COSMO-SKYMED 2,14.82149442,0.00013995,97.8885,5.0623511e-05,3.51e-06,629.7,97.16
32783,CARTOSAT-2A,14.79228877,0.00128508,97.7638,0.00010513841,7.32e-06,638.9,97.35
32785,CUTE-1.7+APD II (CO-65),15.09391098,0.00103269,97.8272,0.00031564414,4.983e-05,545.2,95.4
32791,SEEDS II (CO-66),15.32520473,0.00020419,97.7516,0.00052178897,0.0001632,475.4,93.96
32953,YUBILEINY (RS30),12.43179004,0.00191418,82.5049,0.00026933123,4.7e-07,1500.3,115.83
32958,FENGYUN 3A,14.19569818,0.00093128,98.6882,4.6024402e-05,5.4e-07,833.9,101.44
33320,HUANJING 1A (HJ-1A),14.83969301,0.00193586,97.6682,5.3664977e-05,3.96e-06,624.0,97.04
33321,HUANJING 1B (HJ-1B),14.8330546,0.0035445,97.6517,0.00011676739,9.14e-06,626.0,97.08
33408,SHIJIAN-6 03A (SJ-6 03A),15.17103036,0.00123455,97.8415,0.00029801767,5.845e-05,521.7,94.92
33409,SHIJIAN-6 03B (SJ-6 03B),15.04292829,0.00211561,97.8588,9.9410372e-05,1.325e-05,560.8,95.73
33434,CHUANGXIN 1-02 (CX-1-02),14.30151894,0.00146294,98.6141,4.1561541e-05,6.4e-07,798.4,100.69
33498,STARS (KUKAI),14.9570311,0.00083489,98.154,0.00033912751,3.715e-05,587.3,96.28
33499,KKS-1 (KISEKI),14.83106801,0.00069162,98.1192,0.00015146337,1.178e-05,626.7,97.09
33591,NOAA 19,14.134732,0.00145679,98.952,3.4864673e-05,2.1e-07,854.6,101.88
35683,UK-DMC 2,14.76026394,0.00012856,97.8825,4.9918734e-05,2.94e-06,649.0,97.56
35865,METEOR-M 1,14.23155436,0.00019841,98.7382,5.0606164e-05,7e-07,821.8,101.18
35931,OCEANSAT-2,13.99664567,0.00147499,98.2324,5.5190039e-05,4.3e-07,902.1,102.88
35932,SWISSCUBE,14.62467613,0.00055621,98.4042,0.00019187016,9.22e-06,692.4,98.46
35933,BEESAT-1,14.61709764,0.00039441,98.3971,0.00015360051,7.16e-06,694.8,98.51
35935,ITUPSAT1,14.60430038,0.00061248,98.4056,0.00014898186,6.73e-06,698.9,98.6
35951,DMSP 5D-3 F18 (USA 210),14.1489305,0.00098481,98.9035,0.00014666302,2.39e-06,849.8,101.77
36037,PROBA-2,14.54859541,0.00121625,98.245,4.9671138e-05,1.68e-06,717.0,98.98
36110,YAOGAN-7,14.78003181,0.00258886,98.0081,6.5797534e-05,4.24e-06,642.8,97.43
36122,XIWANG-1 (HOPE-1),13.16437396,0.00068051,100.402,-0.00063979584,-2.89e-06,1205.5,109.39
36358,RADUGA-1M 2,0.98969324,0.0005791,3.6018,0.0,-2.11e-06,36162.9,1455.0
36519,COSMOS 2463,13.71665277,0.00370312,82.9607,2.0049673e-05,3.4e-07,1000.7,104.98
36795,CARTOSAT-2B,14.78654636,0.00106623,97.9957,0.0001461933,1.02e-05,640.7,97.39
36797,AISSAT 1,14.97330485,0.00105973,98.0925,0.00020910434,2.366e-05,582.3,96.17
36799,TISAT 1,15.31457089,4.649e-05,98.07,0.00059832062,0.00018113,478.6,94.03
36834,YAOGAN-10,14.85327689,0.00016218,97.8981,0.00015164732,1.25e-05,619.7,96.95
37180,SHIJIAN-6 04B (SJ-6 04B),14.99299198,0.00089096,97.8685,8.8288736e-05,1.017e-05,576.2,96.04
37214,FENGYUN 3B,14.14839772,0.00215057,98.9624,1.9415141e-05,-8e-08,850.0,101.78
37216,COSMO-SKYMED 4,14.82148734,0.0001437,97.8892,5.8471244e-05,4.13e-06,629.7,97.16
37224,O/OREOS (USA 219),14.93715981,0.00124245,71.9706,0.00020272838,2.087e-05,593.5,96.4
37344,ELEKTRO-L 1 (GOMS 2),1.00155788,0.0004156,9.6694,0.0,-4.5e-07,35826.3,1437.76
37387,RESOURCESAT-2,14.21605005,0.0010121,98.7644,4.159475e-05,4.7e-07,827.1,101.29
37388,YOUTHSAT,14.25627595,0.00146418,98.3679,8.5721774e-05,1.62e-06,813.5,101.01
37793,APRIZESAT 6,14.76905986,0.00444123,98.2371,9.6098408e-05,6.3e-06,646.2,97.5
37839,JUGNU,14.1377489,0.0018562,19.9621,6.9141e-05,3.99e-06,853.6,101.85
37841,SRMSAT,14.1157415,0.00119228,19.9713,4.9378482e-05,3.56e-06,861.1,102.01
37849,SUOMI NPP,14.1951602,0.00018998,98.7953,4.9156439e-05,5.9e-07,834.1,101.44
37875,YAOGAN-12,15.26525625,0.0008223,97.115,0.0003137646,8.136e-05,493.3,94.33
38251,BEIDOU-2 M4,1.86229817,0.00111465,55.6651,0.0,-6e-07,21535.3,773.24
38338,ARIRANG-3 (KOMPSAT-3),14.62200374,0.00064193,98.1174,8.2025827e-05,3.67e-06,693.2,98.48
38340,HORYU-2,14.91028242,0.00077625,98.2163,0.00032994805,3.205e-05,601.9,96.58
38761,CSSWE,15.4412809,0.0048114,64.6611,0.00051229,0.00024446,441.1,93.26
38763,CP5,15.27616329,0.00798669,64.6434,0.00033100708,9.642e-05,490.1,94.26
38771,METOP-B,14.21430905,0.00026255,98.6506,5.793355e-05,8.3e-07,827.7,101.31
38860,SJ-9A,14.85460595,0.00239136,97.6705,0.00014173871,1.175e-05,619.3,96.94
39059,COSMOS 2484 (RODNIK-S 6),12.42938675,0.00271275,82.5019,-0.0003484245,-3.8e-07,1501.3,115.85
39086,SARAL,14.32854299,0.00010665,98.5557,4.6573363e-05,8.3e-07,789.3,100.5
39087,AAUSAT 3,14.39930829,0.0010389,98.3702,0.00019332,5.65e-06,765.9,100.0
39090,STRAND-1,14.37159178,0.0007466,98.3921,0.0001011,2.58e-06,775.0,100.2
39091,BRITE-AUSTRIA,14.36539349,0.00089765,98.3993,6.6105194e-05,1.51e-06,777.1,100.24
39092,UNIBRITE,14.36410449,0.00079037,98.4032,7.2936935e-05,1.71e-06,777.5,100.25
39133,AIST-2 (RS43),15.26230879,0.00189921,64.8694,0.00020928006,5.26e-05,494.2,94.35
39150,GAOFEN-1,14.76528932,0.00158241,97.9094,3.7083935e-05,2.08e-06,647.4,97.53
39151,NEE-01 PEGASO,14.93627979,0.0012551,98.1215,0.00023819067,2.457e-05,593.8,96.41
39152,TURKSAT-3USAT,14.96383848,0.00134965,97.7921,0.00030463442,3.398e-05,585.2,96.23
39153,CUBEBUG-1 (CAPITAN BETO),14.97257943,0.00116063,98.1665,0.00020960871,2.367e-05,582.5,96.18
39159,PROBA-V,14.23595585,0.00048636,98.3581,4.755031e-05,6.7e-07,820.4,101.15
39161,ESTCUBE 1,14.81378596,0.0009198,97.7296,0.00018638633,1.407e-05,632.1,97.21
39227,ARIRANG-5 (KOMPSAT-5),15.0447465,0.00047031,97.6219,0.00010523075,1.411e-05,560.3,95.71
39249,GONETS-M 5,12.42891391,0.00158438,82.4837,-0.00014575151,-1e-07,1501.5,115.86
39251,GONETS-M 7,12.42914298,0.00166185,82.4904,1.603883e-06,1e-07,1501.4,115.86
39260,FENGYUN 3C,14.15753556,0.00155688,98.4976,6.3845188e-05,8.4e-07,846.9,101.71
39265,CASSIOPE,15.24573915,0.0295025,80.9145,0.00045670273,0.00041526,499.2,94.45
39416,APRIZESAT 7,14.91550159,0.0034535,97.7706,8.4321786e-05,7.96e-06,600.2,96.54
39417,ZACUBE-1 (TSHEPISOSAT),15.01145439,0.00401131,97.8088,0.00025692287,3.283e-05,570.5,95.93
39425,APRIZESAT 8,14.87638823,0.0044754,97.8219,0.00010783461,9.41e-06,612.5,96.8
39426,CINEMA-3 (KHUSAT-2),14.78285178,0.00886524,97.8408,0.00012329941,8.99e-06,641.9,97.41
39427,TRITON-1,14.81681229,0.00883579,97.8247,0.00012744639,1.014e-05,631.2,97.19
39428,DELFI-N3XT,14.95017787,0.00730295,97.8343,0.00036084685,4.099e-05,589.5,96.32
39430,GOMX-1,14.69434465,0.01301609,97.6495,0.00023678899,1.546e-05,670.0,98.0
39431,BRITE-PL1 (LEM),14.51364676,0.01906093,97.7957,8.5232009e-05,3.81e-06,728.3,99.22
39432,ICUBE-1,15.25674954,0.00160026,97.5686,0.00049168574,0.00012499,495.9,94.38
39438,VELOX-PII,14.93068377,0.00530044,97.8732,0.00031358625,3.294e-05,595.5,96.45
39440,CUBEBUG-2 (LO-74),14.93705686,0.00590877,97.8902,0.00032201289,3.464e-05,593.5,96.4
39441,NEE-02 KRYSAOR,14.86589658,0.00677431,97.8886,0.00019173345,1.714e-05,615.7,96.87
39444,FUNCUBE-1 (AO-73),15.0940857,0.00350076,97.8263,0.000317536,5.08e-05,545.1,95.4
39445,HINCUBE,15.0819676,0.00316209,97.7963,0.00040893391,6.331e-05,548.8,95.48
39446,UWE-3,14.96970973,0.00485957,97.8684,0.00032850626,3.805e-05,583.4,96.19
39469,SMDC ONE 2.4,15.18055669,0.01443625,120.4932,0.00033537806,8.639e-05,518.9,94.86
39471,CP8 (IPEX),15.08015826,0.01636705,120.4641,0.00025974037,5.093e-05,549.4,95.49
39483,COSMOS 2488 (RODNIK-S 7),12.42905546,0.00207809,82.4835,0.00028205611,4.9e-07,1501.4,115.86
39484,COSMOS 2489 (RODNIK-S 8),12.42879243,0.00226115,82.4872,-0.00010597768,-5e-08,1501.6,115.86
39485,COSMOS 2490 (RODNIK-S 9),12.42877914,0.00225921,82.4819,0.00026752421,4.7e-07,1501.6,115.86
39492,AIST-1 (RS41),14.96053283,0.00154953,82.4153,0.00014672299,1.676e-05,586.2,96.25
39731,KAZEOSAT 1,14.42078566,0.00014638,98.3203,0.00014060573,4.19e-06,758.8,99.86
39761,COSMOS 2496 (RODNIK-S 10),12.42878605,0.00212896,82.4442,0.00056394654,8.8e-07,1501.6,115.86
39762,COSMOS 2497 (RODNIK-S 11),12.42894039,0.00218621,82.4489,0.00020466054,3.8e-07,1501.5,115.86
39763,COSMOS 2498 (RODNIK-S 12),12.42980145,0.0022563,82.4451,0.00027144373,4.8e-07,1501.1,115.85
39765,COSMOS 2499 (RS47),12.82902532,0.02316562,82.4497,-2.1699911e-05,6e-08,1337.0,112.25
40011,HODOYOSHI-4,14.88110373,0.00230275,97.5457,5.6224427e-05,4.67e-06,611.0,96.77
40012,UNISAT-6,14.88209392,0.00464266,97.7868,0.00026042012,2.394e-05,610.7,96.76
40013,DEIMOS-2,14.93712071,0.00020057,97.5845,0.00015580031,1.594e-05,593.5,96.4
40014,BUGSAT-1 (TITA),15.15514147,0.0027553,98.0422,0.0002697834,5.083e-05,526.6,95.02
40016,SAUDISAT 4,14.79535246,0.0046239,97.7575,9.0933414e-05,6.41e-06,637.9,97.33
40018,APRIZESAT 9,14.74205655,0.00652438,97.9052,9.1505514e-05,5.72e-06,654.8,97.68
40020,BRITE-CA1 (TORONTO),14.72667572,0.00773765,97.9731,9.8553247e-05,6.03e-06,659.7,97.78
40021,DUCHIFAT-1,15.63249626,0.00041976,98.0468,0.0010615932,0.00098092,385.4,92.12
40024,NANOSATC-BR1,15.31244609,0.00037786,98.0734,0.00049266744,0.00014797,479.2,94.04
40025,QB50P1,15.18160069,0.00072406,98.097,0.00035728158,7.227e-05,518.5,94.85
40030,DTUSAT-2,15.14932323,0.00061861,98.0861,0.00030624998,5.635e-05,528.3,95.05
40032,QB50P2,15.15072964,0.00073027,98.0751,0.00031530919,5.829e-05,527.9,95.04
40039,PERSEUS-M1,14.95613103,0.0010696,97.9645,0.00012218588,1.297e-05,587.6,96.28
40042,POLYITAN-1,15.33024156,0.00081494,98.0952,0.00050688944,0.00016113,473.9,93.93
40043,TIGRISAT,14.85135319,0.0050709,97.7822,0.00024109,2.056e-05,620.3,96.96
40054,AISAT,15.08698884,0.00074566,98.2392,0.00053427541,8.314e-05,547.3,95.45
40055,CANX-4,14.81252527,0.00136037,98.3131,0.00011135788,8.11e-06,632.5,97.22
40056,CANX-5,14.81269696,0.00136144,98.3133,0.00011204197,8.17e-06,632.5,97.21
40057,VELOX-I,14.97824831,0.0006414,98.2547,0.00036026934,4.171e-05,580.8,96.14
40063,GONETS-M 10,12.42945606,0.00224168,82.511,0.00041281741,6.7e-07,1501.3,115.85
40069,METEOR-M 2,14.2145946,0.00069729,98.511,2.051739e-06,-3.8e-07,827.6,101.3
40071,DX1,14.89965546,0.00059128,98.3861,0.00018168977,1.688e-05,605.2,96.65
40074,UKUBE-1,15.13445461,0.00021761,98.4238,0.00045885898,8.128e-05,532.8,95.15
40118,GAOFEN-2,14.80894215,0.00058712,98.0111,0.00014315254,1.053e-05,633.6,97.24
40119,BRITE-PL2 (HEWELIUSZ),14.94573225,0.00151516,97.9091,0.00014098481,1.468e-05,590.8,96.35
40336,CBERS 4,14.35508325,0.00019974,98.3534,0.00013442324,3.44e-06,780.5,100.31
40376,SMAP,14.63360771,0.00012804,98.1276,8.1225142e-05,3.73e-06,689.5,98.4
40552,GONETS-M 11,12.42876887,0.00169029,82.4876,-0.00013882715,-9e-08,1501.6,115.86
40553,GONETS-M 12,12.42891132,0.0015653,82.491,0.00020714519,3.9e-07,1501.5,115.86
40554,GONETS-M 13,12.4286997,0.00139829,82.4871,-0.00023058731,-2.2e-07,1501.6,115.86
40715,DMC3-FM1,14.85732509,0.00072064,97.6476,7.2542183e-05,5.79e-06,618.4,96.92
40716,DMC3-FM2,14.85734581,0.00076346,97.6528,-5.2745e-07,-5.6e-07,618.4,96.92
40717,DMC3-FM3,14.85725242,0.00068276,97.6579,5.9666844e-05,4.67e-06,618.4,96.92
40718,CARBONITE 1 (CBNT-1),14.83565763,0.00136123,97.6509,0.00015466211,1.225e-05,625.2,97.06
40719,DEORBITSAIL,15.03760332,0.00113956,97.5892,0.00043477002,5.918e-05,562.5,95.76
40905,2015-049G,15.65922925,0.0004486,97.4564,0.00037803783,0.00038457,377.7,91.96
40908,LILACSAT-2,15.51225787,0.00052855,97.466,0.00027469889,0.00015995,420.3,92.83
40920,COSMOS 2507 (RODNIK-S 13),12.42926752,0.00104934,82.4918,0.00016767658,3.3e-07,1501.4,115.86
40921,COSMOS 2508 (RODNIK-S 14),12.42914269,0.00153428,82.4871,0.00033286108,5.6e-07,1501.4,115.86
40922,COSMOS 2509 (RODNIK-S 15),12.42883748,0.00158236,82.4879,0.00042687371,6.9e-07,1501.5,115.86
40958,LQSAT,14.76776914,0.00156614,97.6682,0.00012208943,8.09e-06,646.7,97.51
40959,LINGQIAO VIDEO A,14.77383123,0.00154113,97.6622,5.6086505e-05,3.51e-06,644.7,97.47
40960,LINGQIAO VIDEO B,14.77491697,0.0015485,97.6588,0.00012924106,8.74e-06,644.4,97.46
40961,JILIN-1,14.78149605,0.00153804,97.6506,0.00011017094,7.5e-06,642.3,97.42
40967,FOX-1A (AO-85),14.90937599,0.01300596,64.7757,0.00021318416,2.301e-05,602.1,96.58
40968,SINOD-D 1,14.95863431,0.01186722,64.7758,0.00025226035,3.076e-05,586.8,96.27
41105,ELEKTRO-L 2,1.00271662,8.802e-05,6.6749,0.0,-1.02e-06,35793.8,1436.1
41173,DAMPE,15.30767705,0.00137413,97.4561,3.6043192e-05,9.96e-06,480.7,94.07
41179,ORBCOMM FM114,14.58850721,0.00020551,47.0059,0.0001187471,3.9e-06,704.0,98.71
41182,ORBCOMM FM110,14.58869109,0.00027774,47.0029,0.00016934083,6.29e-06,704.0,98.71
41184,ORBCOMM FM112,14.58893591,0.0003307,47.0001,0.00015048331,5.4e-06,703.9,98.7
41185,ORBCOMM FM113,14.58851189,0.00018756,47.0018,0.00011609342,3.77e-06,704.0,98.71
41187,ORBCOMM FM108,14.58863816,0.00025953,47.0038,0.00011555411,3.75e-06,704.0,98.71
41188,ORBCOMM FM117,14.58859516,0.00030964,47.0001,0.000118322,3.88e-06,704.0,98.71
41189,ORBCOMM FM116,14.58872358,9.62e-05,47.0034,0.00015515764,5.63e-06,704.0,98.71
41338,CHUBUSAT-2,15.20809471,0.0008865,30.9984,0.00022176,5.133e-05,510.5,94.69
41339,CHUBUSAT-3,15.1849503,0.00093554,31.0056,0.00020091712,4.361e-05,517.5,94.83
41340,HORYU-4,15.90526809,0.00034613,30.9844,0.0010043265,0.00337518,307.9,90.54
41556,ZIYUAN 3-02 (ZY 3-02),15.214174,0.00114867,97.3837,0.00020944369,4.639e-05,508.7,94.65
41599,CARTOSAT-2C,15.19267574,0.00101062,97.449,0.00022945094,4.776e-05,515.2,94.78
41603,LAPAN-A3,15.3306259,0.00115962,97.1485,9.7797841e-05,3.054e-05,473.8,93.93
41727,GAOFEN-3,14.42214267,0.00012558,98.4015,-6.650212e-06,-6.5e-07,758.3,99.85
41783,PRATHAM,14.67186382,0.00299222,97.8323,0.00010413199,5.43e-06,677.2,98.15
41789,ALSAT-1N,14.69296247,0.00249518,97.8011,0.00012813705,7.12e-06,670.5,98.01
41847,CAS-2T & KS-1Q,14.44672243,0.03425709,98.3822,0.00022576155,1.558e-05,750.2,99.68
41857,YUNHAI-1 01,14.32700738,0.00064126,98.5835,0.00010760596,2.49e-06,789.9,100.51
41877,RESOURCESAT-2A,14.21615971,0.00033565,98.7524,0.00023262314,4.66e-06,827.0,101.29
41898,TANSAT,14.5994585,0.00200517,98.5366,8.9789652e-05,3.81e-06,700.5,98.63
41914,JILIN-1 03,15.41416418,0.0005948,97.195,0.00027849024,0.0001157,449.1,93.42
41948,CARTOSAT-2D,15.19288751,0.0003644,97.4111,0.0003286065,6.868e-05,515.1,94.78
42767,CARTOSAT-2E,15.19272646,0.00028705,97.4278,0.00024621588,5.125e-05,515.2,94.78
42794,D-SAT,15.16960688,0.00816885,97.5551,0.0002392715,5.072e-05,522.2,94.93
42803,IRIDIUM 113,14.34217577,0.00023131,86.3966,1.0769071e-05,5e-07,784.8,100.4
42828,NORSAT 2,15.21787997,0.00108491,97.4036,0.00042301636,9.549e-05,507.6,94.63
42829,TECHNOSAT,15.04911814,0.00187834,97.4262,0.00021641619,3.016e-05,558.9,95.69
42831,FLYING LAPTOP,15.01103306,0.00192663,97.4659,0.00027764316,3.51e-05,570.6,95.93
42835,WNISAT 1R,15.01732532,0.0010304,97.483,0.00016998,2.156e-05,568.7,95.89
42837,LEMUR-2-GREENBERG,15.31122099,0.00091868,97.382,0.00047226302,0.0001415,479.6,94.05
42840,LEMUR-2-FURIAUS,15.30030493,0.00085013,97.3771,0.0005665163,0.00016426,482.9,94.12
42846,CORVUS BC2,15.06248195,0.00142076,97.4054,0.00017768664,2.553e-05,554.8,95.6
42847,CORVUS BC1,15.06416487,0.0013225,97.4081,0.00020310757,2.939e-05,554.3,95.59
42954,VRSS-2,14.81183272,0.00183616,97.6519,8.155061e-05,5.86e-06,632.7,97.22
43005,MOHAMMED VI-A,14.77063263,0.0001504,97.9555,0.00017346109,1.173e-05,645.7,97.49
43010,FENGYUN 3D,14.19737266,0.00026566,99.0123,-9.0686657e-05,-2.38e-06,833.4,101.43
43012,CZ-4C R/B,14.58775567,0.01226619,98.5788,9.9863253e-05,4.61e-06,704.3,98.71
43013,NOAA 20 (JPSS-1),14.19510532,3.899e-05,98.7772,4.1119178e-05,4.2e-07,834.1,101.44
43016,MAKERSAT 0,15.31868325,0.01056621,97.4634,0.00045163241,0.00016498,477.4,94.0
43017,RADFXSAT (FOX-1B),15.12608951,0.01505748,97.4719,0.00034602019,7.911e-05,535.4,95.2
43022,JILIN-1 04,15.42276051,0.00035802,97.4847,0.00028814337,0.00012313,446.5,93.37
43023,JILIN-1 05,15.33772229,0.00038942,97.4854,0.00022695164,7.332e-05,471.7,93.89
43024,JILIN-1 06,15.33620758,0.00053332,97.4782,0.00015365723,4.914e-05,472.2,93.9
43072,IRIDIUM 116,14.34217501,0.00018903,86.3959,9.049082e-06,4.5e-07,784.8,100.4
43073,IRIDIUM 130,14.34217448,0.00018447,86.3964,-4.5525168e-05,-1.08e-06,784.8,100.4
43080,LKW-2,15.26255155,2.289e-05,97.1198,0.00030104751,7.733e-05,494.2,94.35
43099,SUPERVIEW-1 03,15.39032629,0.00467952,97.3133,0.00039629416,0.00015838,456.1,93.57
43111,CARTOSAT-2F,15.19168749,3.858e-05,97.4795,0.00031429668,6.542e-05,515.5,94.79
43146,LKW-3,15.351235,0.00025613,97.6603,0.0003744986,0.00012689,467.7,93.8
43152,ASNARO-2,15.22436579,0.00016335,97.3977,0.00038323332,8.797e-05,505.6,94.59
43159,JILIN-1 07,15.34611502,0.00101914,97.1776,0.00023639378,7.864e-05,469.2,93.83
43160,JILIN-1 08,15.33636152,0.00080738,97.1808,0.00019089868,6.137e-05,472.1,93.89
43186,S-NET D,15.16609598,0.00095491,97.5371,0.00023824019,4.592e-05,523.2,94.95
43187,S-NET B,15.16577938,0.00100424,97.5375,0.0002650402,5.113e-05,523.3,94.95
43188,S-NET A,15.16617465,0.00099686,97.5386,0.00023685188,4.567e-05,523.2,94.95
43189,S-NET C,15.16570695,0.0011129,97.5403,0.00025196294,4.857e-05,523.4,94.95
43215,PAZ,15.1914962,0.00017011,97.4447,8.3001714e-05,1.676e-05,515.5,94.79
43226,GOES 17,1.00271146,5.236e-05,0.9194,0.0,-1.65e-06,35793.9,1436.11
43236,LKW-4,15.61709341,0.00018564,97.6341,0.00047824431,0.00041263,389.9,92.21
43440,ZHUHAI-1 OVS-02,15.24936492,0.00014929,97.0393,0.0002728074,6.729e-05,498.1,94.43
43441,ZHUHAI-1 OHS-02,15.25785546,0.00074617,97.0378,0.00026840176,6.795e-05,495.6,94.38
43484,GAOFEN-6,14.76624229,0.0011378,97.7757,0.00012207314,8.04e-06,647.1,97.52
43485,LUOJIA-1 01,14.87263891,0.0009935,97.81,0.00030349891,2.684e-05,613.6,96.82
43529,PAKTES 1A,14.99080557,0.00224388,98.1303,0.00024867415,2.969e-05,576.9,96.06
43530,PRSS-1,14.81979736,0.0001764,97.782,0.00010631085,7.92e-06,630.2,97.17
43609,HAIYANG-1C,14.34177362,0.00119957,98.5189,7.5823019e-05,1.69e-06,784.9,100.41
43618,SSTL S1-4,14.96187686,0.00014828,97.5039,0.000140246,1.526e-05,585.8,96.24
43655,HAIYANG-2B,13.79306211,5.72e-05,99.3292,5.924e-05,1.7e-07,973.5,104.4
43656,CZ-4B R/B,14.31863848,0.02037534,99.3683,4.4732317e-05,9e-07,792.6,100.57
43662,CFOSAT,15.16333837,0.00024341,97.3605,0.00016839246,3.2e-05,524.1,94.97
43677,TEN-KOH,15.02916469,0.00108512,98.0782,0.00015931162,2.074e-05,565.0,95.81
43678,DIWATA-2B,15.00420507,0.00121501,98.1177,0.00018239583,2.23e-05,572.7,95.97
43679,STARS-AO,15.1697861,0.00024606,98.0519,0.00029049976,5.662e-05,522.1,94.93
43681,AUTCUBE 2,15.10043728,0.00102859,98.0718,0.0001918348,3.052e-05,543.2,95.36
43689,METOP-C,14.21510315,0.00015256,98.6646,5.3071375e-05,7.3e-07,827.4,101.3
43700,ES'HAIL 2,1.00273986,0.00018948,0.0124,0.0,1.62e-06,35793.1,1436.07
43717,MOHAMMED VI-B,14.77108602,0.00012215,97.9555,5.4386005e-05,3.33e-06,645.6,97.49
43719,HYSIS,14.7868261,0.00017465,97.984,0.00012452183,8.61e-06,640.6,97.38
43751,COSMOS 2530 (RODNIK-S 16),12.42880873,0.00204108,82.5144,-0.00037369594,-4.2e-07,1501.6,115.86
43752,COSMOS 2531 (RODNIK-S 17),12.4291234,0.00178777,82.5189,-0.00065119591,-8e-07,1501.4,115.86
43753,COSMOS 2532 (RODNIK-S 18),12.42909622,0.00192608,82.5134,0.00014638563,3e-07,1501.4,115.86
43758,MINXSS-2,15.46430741,0.0006224,97.4538,0.00068142,0.00033763,434.3,93.12
43759,SIRION PATHFINDER-2,15.14486025,0.00077161,97.4257,0.00021131784,3.826e-05,529.7,95.08
43768,AISTECHSAT 2,15.15382646,0.0003713,97.4299,0.00028319483,5.281e-05,527.0,95.03
43770,FOX-1CLIFF (AO-95),15.26553683,0.0008751,97.439,0.0004088,0.00010631,493.3,94.33
43772,2018-099Q,15.87363231,0.00076794,97.4121,0.0014045652,0.00383086,316.8,90.72
43773,RANGE-A,15.13332653,0.00105732,97.3972,0.00021208024,3.719e-05,533.2,95.15
43782,SNUSAT-2,15.217318,0.0009028,97.4067,0.00034153,7.677e-05,507.8,94.63
43784,SNUGLITE,15.27029608,0.00015784,97.3877,0.00039875272,0.00010508,491.8,94.3
43786,ITASAT,15.1897414,0.00128124,97.4034,0.0003055506,6.335e-05,516.1,94.8
43790,EAGLET-I,15.12889098,0.00113345,97.4234,0.00019796407,3.425e-05,534.5,95.18
43792,ESEO,15.04220705,0.00120256,97.3965,0.0001353977,1.826e-05,561.0,95.73
43796,THEA,15.34778285,0.0005967,97.4446,0.00049333,0.00016577,468.7,93.82
43798,ASTROCAST 0.1,15.49059824,0.00046082,97.4378,0.0006488025,0.00035205,426.6,92.96
43803,JY1SAT (JO-97),15.33439242,0.00041379,97.4136,0.00049533788,0.00015949,472.7,93.91
43804,SUOMI-100,15.28255069,0.0008475,97.4189,0.00038309,0.00010485,488.2,94.23
43809,CENTAURI-1,15.16298357,0.00137665,97.4228,0.00025735639,4.93e-05,524.2,94.97
43812,GLOBAL-2,15.08634233,0.00063447,97.3563,0.00020325294,3.122e-05,547.5,95.45
43820,SEAHAWK-1,15.22700232,0.0007261,97.3965,0.00034295491,7.931e-05,504.8,94.57
43831,SAUDISAT 5A,15.27979208,0.0010545,97.3074,0.00017729707,4.773e-05,489.0,94.24
43833,SAUDISAT 5B,15.28239801,0.00112002,97.318,0.00017194494,4.665e-05,488.2,94.23
43834,2018-102D,15.66419828,0.00036351,97.3434,0.00062976776,0.00065635,376.3,91.93
43879,ISAT,15.64078892,0.00015645,97.5882,0.00092418648,0.00088054,383.0,92.07
43880,UWE-4,15.45713387,0.00067446,97.5851,0.00061234567,0.00029581,436.4,93.16
43881,D-STAR ONE (SPARROW),15.72544134,0.00045753,97.6115,0.00094313896,0.00127478,358.8,91.57
43943,JILIN-1 09,15.204569,0.00037674,97.4733,0.00020086383,4.315e-05,511.6,94.71
43946,JILIN-1 10,15.25651341,0.00067141,97.4778,0.00020553637,5.158e-05,496.0,94.39
44047,EGYPTSAT-A (MISRSAT-A),14.72301797,0.0001218,98.0121,0.00024144058,1.477e-05,660.9,97.81
44078,EMISAT,14.43685129,0.00174002,98.4648,0.00013613371,4.19e-06,753.5,99.74
44312,JILIN-1 GAOFEN 3A,15.32487526,0.00065531,44.9764,0.0003335487,0.00010377,475.5,93.96
44316,WT 1B,15.2705617,0.00094482,44.9728,0.00037194999,9.787e-05,491.8,94.3
44339,PROX-1,14.90447065,0.0005287,23.9911,0.0011774,0.00012056,603.7,96.62
44340,NPSAT1,14.74518284,0.00078602,23.9993,0.00064999031,4.669e-05,653.8,97.66
44343,FORMOSAT 7-3,15.0975745,7.98e-05,23.9984,0.00020676979,3.771e-05,544.1,95.38
44349,FORMOSAT 7-1,14.96476311,0.00010151,23.9983,0.00017804491,2.374e-05,584.9,96.23
44350,FORMOSAT 7-4,14.96470956,0.00014622,23.997,0.00016931962,2.272e-05,584.9,96.23
44351,FORMOSAT 7-2,14.96472857,0.00010312,23.9971,0.00015537267,2.11e-05,584.9,96.23
44353,FORMOSAT 7-6,14.96480938,0.0001231,23.9993,0.00018633,2.47e-05,584.9,96.23
44358,FORMOSAT 7-5,14.9648799,7.071e-05,23.9998,0.00019074956,2.522e-05,584.9,96.23
44387,METEOR-M2 2,14.24364928,0.00022469,98.9145,0.00012343307,2.39e-06,817.8,101.1
44421,COSMOS 2535,14.91929312,0.00070565,97.5761,0.00010474377,1.006e-05,599.1,96.52
44499,GLOBAL-4,15.6372137,0.00064761,45.0065,0.00052825739,0.00050527,384.1,92.09
44528,ZY-1 02D,14.35458356,0.0002265,98.319,0.00010145363,2.5e-06,780.7,100.32
44530,TAURUS-1 (JINNIUZUO 1),14.72028407,0.00076743,98.6412,0.00080537704,5.007e-05,661.7,97.82
44536,ZHUHAI-1 03B,15.53724053,0.00077722,97.5518,0.00040505907,0.00025899,413.0,92.68
44538,ZHUHAI-1 03D,15.49377267,0.00068073,97.538,0.00050955463,0.00027924,425.7,92.94
44539,ZHUHAI-1 03E,15.40853333,0.00064429,97.56,0.00038246257,0.00015629,450.7,93.45
44694,ATLAS 5 CENTAUR DEB,1.77428026,0.4723613,13.614,0.0,-5.7e-07,22450.8,811.6
44703,GAOFEN-7,15.21551332,0.00178767,97.2434,0.00015297754,3.394e-05,508.3,94.64
44777,JILIN-1 GAOFEN 2A,15.39136382,0.00076347,97.4964,0.00031566376,0.00012174,455.8,93.56
44779,NINGXIA-1 1,14.02037536,0.00102848,45.0039,2.375878e-05,-9.3e-07,893.9,102.71
44783,NINGXIA-1 5,14.0208611,0.00098368,45.004,8.2885311e-05,-2e-08,893.7,102.7
44785,KL-ALPHA A,13.56042432,0.0012972,88.9255,-2.032611e-05,-2e-08,1057.2,106.19
44804,CARTOSAT-3,15.19240991,0.00125695,97.4311,0.00030710028,6.417e-05,515.3,94.78
44836,JILIN-1 GAOFEN 2B,15.20638357,0.00134275,97.4885,0.00023132274,5.017e-05,511.1,94.7
44879,TIANQIN 1 (CAS-6),14.954097,0.00128587,97.781,0.00020895904,2.254e-05,588.2,96.29
44880,ETRSS-1,14.95837679,0.00128711,97.7824,0.00042546095,4.702e-05,586.9,96.27
44881,TIANYAN 01,14.8651003,0.00149796,97.753,8.2771355e-05,6.8e-06,616.0,96.87
44882,TIANYAN 02,15.05147576,0.00144481,97.7933,0.00043568913,6.158e-05,558.2,95.67
44883,CBERS 4A,14.81624316,0.00014541,97.7494,6.6441037e-05,4.72e-06,631.3,97.19
44884,WEILAI 1R,15.00589902,0.0017931,97.7844,0.00040741101,5.102e-05,572.2,95.96
44885,FLORIPASAT-1,15.03809686,0.00134758,97.7914,0.00040137606,5.466e-05,562.3,95.76
44886,SHUNTIAN,14.95124549,0.00131062,97.7998,0.00022644571,2.429e-05,589.1,96.31
44889,2019-093L,14.94500528,0.0013285,97.7545,0.00035715262,3.805e-05,591.1,96.35
44903,ELEKTRO-L 3,1.00272173,0.00013045,0.2388,0.0,-7.9e-07,35793.6,1436.09
44905,GONETS-M 14,12.4287013,0.0013236,82.5228,0.00075382088,1.14e-06,1501.6,115.86
44906,GONETS-M 15,12.42871358,0.00146158,82.5247,0.00017920659,3.5e-07,1501.6,115.86
44907,GONETS-M 16,12.42891849,0.00096565,82.5193,0.00041452443,6.7e-07,1501.5,115.86
44909,RS-44 & BREEZE-KM R/B,12.79748699,0.0217875,82.5217,8.0700192e-05,3.2e-07,1349.6,112.52
45016,JILIN-1 KUANFU 01,15.10688862,0.00087739,97.5031,0.0001491939,2.408e-05,541.2,95.32
45602,XINGYUN-2 01,15.11780073,0.00078545,97.4866,0.00015196084,2.53e-05,537.9,95.25
45603,XINGYUN-2 02,15.11509667,0.00095585,97.507,0.00012159935,1.997e-05,538.7,95.27
45721,HAIYANG-1D,14.34170654,0.00030445,98.455,-3.500174e-06,-5.3e-07,785.0,100.41
45727,M2 PATHFINDER,15.04648075,0.0011852,97.816,0.00016065,2.197e-05,559.7,95.7
45856,GAOFEN DUOMO (GFDM),14.76871122,0.00124697,97.7749,8.0846828e-05,5.2e-06,646.4,97.5
45939,ZIYUAN 3-03 (ZY 3-03),15.2148133,0.00038686,97.2836,0.00023118464,5.132e-05,508.5,94.64
46277,NEMO-HD,15.44462726,0.00025023,97.1927,0.0002136276,9.805e-05,440.1,93.24
46292,3CAT-5A,15.4588787,0.0003083,97.241,0.00031928943,0.0001544,435.9,93.15
46293,3CAT-5B,15.47250253,0.00032506,97.2404,0.00032985283,0.00016722,431.9,93.07
46320,NAPA-1,15.6711287,0.00012515,97.247,0.00056304233,0.0006027,374.3,91.89
46457,JILIN-1 GAOFEN 3E,15.62839289,0.00124539,97.226,0.00061353825,0.00055641,386.6,92.14
46458,JILIN-1 GAOFEN 3F,15.60231232,0.00141286,97.2215,0.00055874304,0.00045812,394.1,92.29
46459,JILIN-1 GAOFEN 3G,15.70032042,0.00097143,97.2287,0.00063780217,0.00077273,365.9,91.72
46460,JILIN-1 GAOFEN 3H,15.66829189,0.00045911,97.2225,0.00061675641,0.00065352,375.1,91.91
46469,HAIYANG-2C,13.83374111,0.00091736,65.9969,-0.00010766591,-2e-06,959.1,104.09
46478,HJ-2A,14.76508348,0.0002414,97.8831,8.2001e-05,5.21e-06,647.5,97.53
46479,HJ-2B,14.76548841,0.00011796,97.8887,3.7393898e-05,2.11e-06,647.4,97.52
46486,GONETS-M 17,12.42872636,0.00233139,82.4996,-0.00027392699,-2.8e-07,1501.6,115.86
46487,GONETS-M 18,12.42873032,0.00205627,82.4949,0.00030856087,5.3e-07,1501.6,115.86
46488,GONETS-M 19,12.42891673,0.00144242,82.4974,-0.00023307378,-2.2e-07,1501.5,115.86
46493,DEKART,15.37199983,0.00073294,97.8744,0.00031114064,0.00011257,461.5,93.68
46494,NORBI,15.48173867,0.00044753,97.8631,0.00035281339,0.00018472,429.2,93.01
46495,SALSAT,15.29703223,0.00086211,97.8853,0.00024329255,6.924e-05,483.8,94.14
46497,ICEYE-X6,15.04481293,0.00084822,98.096,0.00021553233,2.95e-05,560.2,95.71
46504,NETSAT-4,15.43644527,0.00046982,97.8607,0.00035379708,0.00015855,442.5,93.29
46505,NETSAT-3,15.4244803,0.00051605,97.8657,0.00037330121,0.00016076,446.0,93.36
46506,NETSAT-1,15.34485984,0.00058024,97.8743,0.00035566339,0.00011804,469.6,93.84
46507,NETSAT-2,15.45713642,0.00043388,97.862,0.00042482768,0.00020456,436.4,93.16
46810,TIANQI-6,15.07137967,0.00092297,34.9988,0.00022210022,3.382e-05,552.1,95.55
46906,KSM1-C,15.26623766,0.00019919,36.8944,0.00033432074,8.879e-05,493.1,94.33
46907,KSM1-D,15.24625484,0.0004533,36.8947,0.00031838176,7.953e-05,499.0,94.45
46912,KSM1-A,15.25850116,0.0004737,36.8953,0.00035124,9.118e-05,495.4,94.37
46913,R2,15.25316026,0.00084913,36.8973,0.00025956339,6.606e-05,497.0,94.41
46914,KSM1-B,15.24411954,0.0006717,36.9006,0.0001752575,4.304e-05,499.7,94.46
47227,GONETS-M 20,12.42893416,0.0020891,82.5041,0.0001401291,2.9e-07,1501.5,115.86
47228,GONETS-M 21,12.42886531,0.00144476,82.4966,0.00025972724,4.6e-07,1501.5,115.86
47229,GONETS-M 22,12.42892751,0.00218295,82.5023,0.0005032289,8e-07,1501.5,115.86
47448,CUBEL,15.40916074,0.00063181,97.2333,0.00023397477,9.545e-05,450.5,93.45
47719,ARKTIKA-M 1,2.00625436,0.7285674,63.2417,0.0,-1.49e-06,20183.9,717.76
47883,STARLINK-2342,15.79237487,0.00016402,53.1551,0.00028947856,0.00052661,339.7,91.18
47934,GRUS-1B,14.98984313,0.00162358,97.5413,0.00014126066,1.657e-05,577.2,96.07
47937,2021-022F,15.32944267,0.00115999,97.3902,0.00024592953,7.763e-05,474.2,93.94
47945,UNISAT-7,15.40287665,0.00112022,97.39,0.00032633777,0.00013093,452.4,93.49
47953,2021-022X,15.73251698,0.00076053,97.3915,0.0006717183,0.00093235,356.7,91.53
47971,GLOBAL-9,15.46352175,0.00050937,44.9819,0.00037179921,0.00018461,434.5,93.12
48270,AII-BRAVO,15.03428491,0.00046846,97.5626,0.00031402225,4.215e-05,563.5,95.78
48271,TYVAK-182A,15.06110668,0.00057147,97.5734,0.00028683982,4.133e-05,555.2,95.61
48274,CSS (TIANHE),15.60534794,0.00083266,41.4694,0.0002570347,0.00021572,393.2,92.28
48606,TYVAK-0130,15.27472919,0.00108565,52.9976,0.0002718079,7.069e-05,490.5,94.27
48621,HAIYANG-2D,13.83375445,0.00113936,65.9998,4.0427669e-05,-3.7e-07,959.1,104.09
48843,2021-050D,15.23266156,0.00040161,97.3336,0.00024401671,5.715e-05,503.1,94.53
48892,TYVAK-0173,14.81867765,0.0010673,96.0086,0.00019929,1.545e-05,630.6,97.17
48907,MANDRAKE 2 ABLE,15.5472484,0.00050229,97.7041,0.00029419327,0.00019447,410.1,92.62
48908,MANDRAKE 2 BAKER,15.59220068,0.00035538,97.7011,0.00031761829,0.00024836,397.1,92.35
48909,PACE-1,15.78719432,7.026e-05,97.6769,0.00042589042,0.00074704,341.2,91.21
48915,YAM-3,15.48408808,0.00056094,97.6996,0.00020033314,0.00010525,428.5,93.0
48924,FARADAY_PHOENIX,15.76766143,0.00024281,97.6824,0.00068047218,0.00110004,346.7,91.33
48951,DEMO8 (TENZING),15.54742362,0.00068519,97.7033,0.00028501629,0.00018857,410.0,92.62
48963,NAPA-2,15.95777302,0.00026691,97.673,0.00072515668,0.00290503,293.3,90.24
49008,FENGYUN 3E,14.19902915,0.00027629,98.7496,-1.9953749e-05,-8.6e-07,832.8,101.42
49044,ISS (NAUKA),15.49162374,0.00058814,51.6361,0.00010451669,5.345e-05,426.3,92.95
49144,STARLINK-3100,14.98323995,0.00030319,70.0005,-0.00011356557,-1.448e-05,579.2,96.11
49263,CUTE,15.91259664,0.00079041,97.4173,0.00047533467,0.00150394,305.9,90.49
49316,2021-091B,15.18521461,0.00148302,97.4478,0.00017466115,3.546e-05,517.4,94.83
49387,SDGSAT 1,15.19896552,0.00068704,97.2645,0.00011091439,2.317e-05,513.3,94.74
49396,TEIKYOSAT-4 (OORURI),15.09486131,0.0010901,97.3672,0.00013304785,2.073e-05,544.9,95.4
49399,Z-SAT,15.1821561,0.00146994,97.3334,0.00016548465,3.327e-05,518.4,94.85
49400,HIBARI,15.31596471,0.00107001,97.3246,0.00031897658,9.674e-05,478.2,94.02
49402,KOSEN-1,15.2674129,0.00125249,97.3194,0.00027000744,7.043e-05,492.7,94.32
49469,GLOBAL-14,15.50255429,0.0016904,42.0056,0.00044216,0.00025574,423.1,92.89
49495,GAOFEN-3 02,14.42216291,0.00033372,98.4092,3.0978506e-05,5.9e-07,758.3,99.85
49772,GLOBAL-12,15.53158737,0.00034133,53.1947,0.000509658,0.00032188,414.6,92.71
49773,GLOBAL-13,15.45785257,0.00041097,53.1973,0.00038816107,0.00018718,436.2,93.16
49949,GLOBAL-17,15.51879539,0.00145581,41.9934,0.0004530369,0.0002776,418.4,92.79
49950,GLOBAL-16,15.49858065,0.00125132,41.9943,0.00039510293,0.00022428,424.3,92.91
50466,XW-3 (CAS-9),14.4135151,0.0005274,98.4971,0.00012436941,3.59e-06,761.2,99.91
50993,ION SCV-004,15.30386687,0.00078863,97.2842,0.00016069882,4.651e-05,481.8,94.09
51060,ETV-A1,15.40544504,0.00052508,97.2883,0.00024258403,9.775e-05,451.6,93.47
51061,BRO-5,15.47003867,0.00041581,97.3004,0.00049464186,0.00024936,432.6,93.08
51284,LUDI TANCE 1-01A (L-SAR 01A),14.88413716,0.00015959,97.8097,6.2291324e-05,5.23e-06,610.0,96.75
51822,LUDI TANCE 1-01B (L-SAR 01B),14.88410217,0.00015955,97.8103,6.5817884e-05,5.56e-06,610.0,96.75
51827,2022-019D,15.7008989,0.00057098,97.3666,0.00058977972,0.00071446,365.8,91.71
51832,2022-019J,15.2041485,0.00069598,97.3431,0.00012092166,2.569e-05,511.7,94.71
51951,2022-023F,15.17938636,0.01293236,63.4454,0.00062557508,0.00015685,519.2,94.87
52085,CZ-4C R/B,13.65479604,0.02319864,63.3941,4.5945199e-05,-5e-07,1023.0,105.46
52145,MERIDIAN 10,2.00614478,0.6781599,62.6777,0.0,2.49e-06,20184.9,717.79
52157,OMNI-L1,14.82723773,0.00040453,97.8393,0.00022971847,1.802e-05,627.9,97.12
52159,ENMAP,14.74982179,0.00014228,97.9788,5.8895544e-05,3.46e-06,652.3,97.63
52161,ARCSAT-1,15.53456933,0.00042573,97.2751,0.00023810134,0.00015007,413.8,92.7
52196,GLOBAL-18,15.45996818,0.00030767,52.9822,0.00040169561,0.00019533,435.6,93.14
52200,GAOFEN-3 03,14.42213938,0.00011562,98.4066,-4.023782e-06,-5.7e-07,758.3,99.85
52257,DAQI-1,14.57673463,0.00023396,98.1478,4.4741798e-05,1.59e-06,707.8,98.79
52422,BRO-6,15.5010265,0.00055523,97.3396,0.00059651123,0.00033568,423.6,92.9
52444,JILIN-1 GAOFEN 3D27,15.73841101,0.0001759,97.5702,0.0007745399,0.00110322,355.1,91.5
52445,JILIN-1 GAOFEN 3D28,15.76648698,0.00011476,97.5643,0.00077910009,0.00125534,347.1,91.33
52760,VIGORIDE-3,15.27208716,0.00092737,97.6591,0.00020185273,5.31e-05,491.3,94.29
52761,ION SCV-006,15.45120749,0.00182397,97.6088,0.00027577413,0.00013046,438.2,93.2
52763,SHERPA-AC1,15.36167624,0.0008916,97.6675,0.0002114684,7.374e-05,464.6,93.74
52771,OMNI-L2,14.81353395,0.00063692,97.4717,0.00016109684,1.211e-05,632.2,97.21
52897,STEP CUBE LAB-II,14.63293418,0.00096638,98.222,0.00015039932,7.28e-06,689.7,98.41
52898,RANDEV,14.63681091,0.00090119,98.2206,0.00018489361,9.14e-06,688.4,98.38
52899,SNUGLITE-II,14.64335098,0.00083902,98.2194,0.00016768086,8.37e-06,686.3,98.34
52900,MIMAN,14.6183682,0.00085912,98.2252,0.00010662086,4.85e-06,694.4,98.51
53043,STARLINK-4362,15.05653546,0.00023334,97.3782,-5.6750835e-05,-8.76e-06,556.6,95.64
53105,LARES-2,6.38965096,0.0005412,70.1642,0.0,-8e-08,5896.3,225.36
53109,GREENCUBE (IO-117),6.4258328,0.00088692,70.1435,0.0,-3e-08,5850.2,224.1
53204,STARLINK-4410,15.27582751,0.00020206,97.601,0.00099349542,0.0002679,490.2,94.27
53323,COSMOS 2558,15.73809208,7.27e-05,97.2255,0.0006454,0.00091569,355.2,91.5
53346,TECMS,15.21361624,0.00027635,97.3142,0.00014352006,3.148e-05,508.9,94.65
53452,DONGPO 02,15.73327132,0.00015533,97.5504,0.00069510868,0.00096691,356.5,91.53
53453,DONGPO 01,15.71290253,0.00014287,97.5573,0.00064478534,0.00082159,362.3,91.64
53468,STARLINK-4400,15.05661271,0.00015411,97.3764,0.00016998173,2.397e-05,556.6,95.64
53676,STARLINK-4621,15.05661823,0.00027712,97.3781,-8.0374442e-05,-1.218e-05,556.6,95.64
53754,SHERPA-LTC2,14.69632213,0.03945712,53.2356,0.00033405869,6.573e-05,669.4,97.98
53757,CENTISPACE-1 S3,14.6124411,0.00089506,53.5331,0.00011659523,3.9e-06,696.3,98.55
53758,CENTISPACE-1 S4,14.6192288,0.00081985,53.5306,0.00014707183,5.52e-06,694.1,98.5
53807,BLUEWALKER-3,15.38180975,0.00068615,53.2293,0.00016814126,6.029e-05,458.6,93.62
53877,YUNHAI-1 03,14.32713563,0.00059666,98.5532,0.00011971075,2.82e-06,789.8,100.51
54020,CENTISPACE-1 S5,14.63004864,0.00143879,54.9984,0.00015482657,6.1e-06,690.6,98.43
54021,CENTISPACE-1 S6,14.62283968,0.00162389,54.9988,0.00012313732,4.37e-06,692.9,98.48
54023,OTB-3-GAZELLE,14.42672047,0.00125286,98.3942,5.3079768e-05,1.33e-06,756.8,99.81
54029,ASO-S,14.52058555,0.00156545,98.2747,5.9619e-05,1.97e-06,726.1,99.17
54035,HJ-2E,15.22215798,0.00213786,97.3798,0.00030704142,7.03e-05,506.3,94.6
54109,COSMOS 2561,15.51532978,0.0011396,96.9186,0.00021633,0.00012746,419.4,92.81
54150,GONETS-M 23,12.42890521,0.00206856,82.5072,0.00021136847,3.9e-07,1501.5,115.86
54151,GONETS-M 24,12.42891153,0.00158352,82.4983,0.00024947833,4.4e-07,1501.5,115.86
54152,GONETS-M 25,12.42889796,0.00197591,82.5054,0.00017024715,3.3e-07,1501.5,115.86
54153,SKIF-D,5.00429725,0.00073846,89.9519,0.0,1.3e-07,8067.0,287.75
54227,MATS,15.05318049,0.00113464,97.6827,0.00020761993,2.912e-05,557.7,95.66
54254,JILIN-1 GAOFEN 03D54,15.94416466,0.00041205,97.6102,0.00073002064,0.00272081,297.1,90.32
54361,EOS-6 (OCEANSAT-3),14.46996505,0.00015435,98.3539,7.3592903e-05,2.24e-06,742.6,99.52
54685,DONGPO 09,15.36187026,0.00033896,97.6894,0.00030082323,0.00010526,464.5,93.74
54686,DONGPO 08,15.33512823,0.00081651,97.6857,0.00030612809,9.845e-05,472.5,93.9
54687,2022-167F,15.89700177,0.00010465,97.6112,0.00073203074,0.00213712,310.3,90.58
54689,DONGPO 10,15.34318115,0.00061129,97.6939,0.00030747473,0.0001014,470.1,93.85
54695,JILIN-1 GAOFEN 03D48,15.35078556,0.0007412,97.6873,0.00031527549,0.00010658,467.8,93.81
55009,STAR VIBE,15.42434402,0.00070037,97.3177,0.00030667211,0.00013193,446.1,93.36
55011,BRO-8,15.48651696,0.00068841,97.322,0.0005442969,0.00029095,427.8,92.98
55012,CONNECTA T1.2,15.5017844,0.00068177,97.3278,0.00068265426,0.00038568,423.3,92.89
55015,BIRKELAND,15.39957765,0.00082422,97.335,0.00020847413,8.231e-05,453.4,93.51
55051,ION SCV-008,15.28493698,0.00156549,97.5703,0.00021257471,5.836e-05,487.5,94.21
55060,ION SCV-007,14.77547531,0.00123386,97.9008,5.7063694e-05,3.57e-06,644.2,97.46
55093,HUYGENS,15.39964098,0.00111948,97.3255,0.0002164451,8.559e-05,453.4,93.51
55104,SHARJAHSAT-1,15.48808382,0.00071798,97.3177,0.000329462,0.00017647,427.3,92.97
55690,HORUS 1,15.23533658,0.00022083,97.3466,0.00020425738,4.81e-05,502.3,94.52
55844,HORUS 2,15.23356373,0.00021794,97.3536,0.00022464056,5.269e-05,502.9,94.53
55982,GLOBAL-19,15.37873125,0.00098824,42.0014,0.00031477248,0.00011753,459.5,93.64
56185,BRO-9,15.97039346,0.00065776,97.2949,0.0010888484,0.00467986,289.8,90.17
56192,ION SCV-010,15.26140379,0.00115371,97.3795,0.00015955515,4.053e-05,494.5,94.36
56310,TELEOS-2,14.96399866,9.836e-05,9.9881,-1.668089e-06,6.69e-06,585.2,96.23
56744,SNIPE 4,15.42085378,0.00050314,97.5264,0.00041836769,0.0001782,447.1,93.38
56745,SNIPE 2,15.46527112,0.00049137,97.5256,0.00044179739,0.00021891,434.0,93.11
56749,2023-072G,15.50198681,0.00036043,97.492,0.00049725203,0.0002803,423.3,92.89
56934,GEISAT PRECURSOR,15.34562208,0.00055748,97.621,0.00020144831,6.663e-05,469.4,93.84
56950,BLACKJACK ACES-3,15.18406222,0.0003069,97.6198,0.0002551695,5.18e-05,517.8,94.84
56955,BLACKJACK ACES-2,15.18527212,0.0001517,97.6195,0.00032055592,6.548e-05,517.4,94.83
56956,BLACKJACK ACES-1,15.1852141,0.00012788,97.6187,0.00030315691,6.188e-05,517.4,94.83
56957,ION SCV-011,15.28781375,0.00083361,98.1382,0.00017446147,4.796e-05,486.6,94.19
56958,GHOST-3,15.47662314,0.00056867,97.6202,0.00031863453,0.00016382,430.7,93.04
56962,TOMORROW-R2,16.02124152,0.0007439,97.6021,0.00071086,0.00407347,275.7,89.88
56964,AFR-1,15.28499881,0.00105499,97.626,0.00014830021,4.039e-05,487.4,94.21
57166,METEOR-M2 3,14.24046212,0.00039864,98.6091,1.2270135e-05,-1.5e-07,818.8,101.12
57172,UMKA 1 (RS40S),15.20740716,0.0013946,97.5057,0.00026928508,5.871e-05,510.7,94.69
57173,2023-091H,15.28490438,0.00111356,97.5055,0.00037430286,0.00010324,487.5,94.21
57174,2023-091J,15.13879691,0.00137551,97.5061,0.00017499057,3.107e-05,531.5,95.12
57175,CUBEBEL 2 (EU11S),15.28989731,0.001114,97.5058,0.00039672949,0.00011117,486.0,94.18
57176,SITRO-AIS 5 (KATYS),15.29300933,0.00127477,97.5066,0.00039083199,0.00011062,485.0,94.16
57177,ZORKIY-2M 1,15.20816602,0.00145574,97.5097,0.000293049,6.412e-05,510.5,94.69
57178,CUBESX-HSE 3 (RS42S),15.31046056,0.00121538,97.5098,0.00039216692,0.00011715,479.8,94.05
57180,MONITOR-3 (RS58S),15.27706933,0.00130698,97.509,0.00036409173,9.809e-05,489.8,94.26
57182,MONITOR-4 (RS57S),15.27799469,0.00130681,97.5084,0.0003193075,8.616e-05,489.5,94.25
57184,MONITOR-2 (RS39S),15.18847932,0.00124957,97.5079,0.00021225025,4.361e-05,516.5,94.81
57187,SVYATOBOR 1 (RS60S),15.265016,0.00109087,97.5095,0.00029577486,7.66e-05,493.4,94.33
57188,HORS 1,15.26605514,0.0010364,97.5073,0.00029782392,7.736e-05,493.1,94.33
57189,VIZARD-METEO (RS38S),15.35812743,0.00085982,97.5097,0.00043108115,0.00014966,465.6,93.76
57192,SITRO-AIS 6 (CHIRKIN),15.25806993,0.00130392,97.5075,0.00033569304,8.53e-05,495.5,94.38
57193,SITRO-AIS 8 (ANOKHIN),15.31953973,0.00118518,97.5062,0.00043267516,0.00013306,477.1,94.0
57194,SITRO-AIS 7 (FARTUSHNIY),15.25496778,0.00128564,97.5072,0.0003294604,8.291e-05,496.4,94.4
57195,AVION KALUGA 650,15.20281146,0.00116933,97.5095,0.00025388644,5.453e-05,512.1,94.72
57196,HORS 2,15.31721532,0.00095168,97.5094,0.00037532122,0.00011437,477.8,94.01
57197,A-SEANSAT-PG1,15.36728848,0.00085425,97.5085,0.00045628321,0.00016322,462.9,93.71
57199,SITRO-AIS 10 (BURDAEV),15.38358562,0.00078548,97.5086,0.00048117105,0.00018151,458.1,93.61
57201,SITRO-AIS 9 (SHCHUKIN),15.37876768,0.0008114,97.5083,0.00047297527,0.00017563,459.5,93.64
57203,UTMN 2 (RS27S),15.3188806,0.00094675,97.5093,0.00039089895,0.00011977,477.3,94.0
57204,SITRO-AIS 12 (SMIRENNIY),15.38165096,0.00076861,97.5097,0.00045404919,0.00017012,458.7,93.62
57208,SITRO-AIS 11 (SHEFFER),15.38587074,0.00075792,97.5095,0.00047291152,0.00017969,457.4,93.59
57213,H2SAT (HEINRICH HERTZ),1.00272286,0.00015846,0.056,0.0,2e-07,35793.6,1436.09
57217,KUZGTU 1 (RS47S),15.2970646,0.00123699,97.507,0.00037715658,0.00010805,483.8,94.14
57422,QIANKUN-1,16.07652254,0.00276189,96.1559,2.0583994e-05,0.00016846,260.4,89.57
57490,FENGYUN 3F,14.19937936,0.00015906,98.6841,2.6207083e-05,1.2e-07,832.7,101.41
57492,METEOR 2-1 DEB,14.29430842,0.00112045,81.2796,0.001931023,4.941e-05,800.8,100.74
57519,HJ-2F,15.22226446,0.00103774,97.3845,0.00029928477,6.82e-05,506.3,94.6
57800,XRISM,15.12404798,0.0007944,31.0029,0.00025478,4.635e-05,536.0,95.21
59051,METEOR-M2 4,14.22428895,0.00068968,98.7008,2.0439367e-05,2e-08,824.3,101.24
60237,GRBBETA,15.06595991,0.00415462,61.9898,0.00022461953,3.187e-05,553.7,95.58
60468,TRANSPORTER-11 OBJECT A,15.32797834,0.00022009,97.373,0.00025231582,7.915e-05,474.6,93.95
60469,WARATAH SEED-1,15.35770996,8.965e-05,97.369,0.00034929476,0.00012079,465.8,93.76
60470,PHISAT 2,15.30948449,3.79e-05,97.3755,0.00021943,6.485e-05,480.1,94.06
60471,LEMUR-2-TOMATOKECHUP,15.35884698,7.423e-05,97.3797,0.00027691409,9.591e-05,465.4,93.76
60472,CONNECTA IOT-1,15.23488943,8.591e-05,97.3759,0.00015237377,3.565e-05,502.5,94.52
60473,LOPEN,15.39494105,1.773e-05,97.3777,0.00034996541,0.00013658,454.7,93.54
60474,ROCK,15.39491484,4.788e-05,97.3773,0.00036169281,0.00014118,454.7,93.54
60475,CONNECTA IOT-3,15.23501028,0.00013854,97.3734,0.00016417685,3.848e-05,502.4,94.52
60476,QUBE,15.46882316,0.0001331,97.3773,0.00043466,0.00021794,433.0,93.09
60478,WREN-1,15.4129347,0.00029518,97.3767,0.00044233181,0.00018354,449.4,93.43
60479,TOMORROW-S1,15.32624882,0.00010378,97.375,0.00021582667,6.721e-05,475.1,93.96
60480,FLOCK 4BE-18,15.41635789,0.00023891,97.3729,0.00039459106,0.00016547,448.4,93.41
60481,FLOCK 4BE-7,15.40043307,0.00015691,97.3757,0.00049965911,0.00019907,453.1,93.5
60484,FLOCK 4BE-26,15.6661116,0.00048876,97.3655,0.0011637016,0.00123195,375.7,91.92
60485,TOMORROW-S2,15.32641135,0.00013708,97.3815,0.00022648776,7.061e-05,475.1,93.96
60486,FLOCK 4BE-36,15.42516861,0.00021357,97.3745,0.0003305191,0.00014255,445.8,93.35
60487,FLOCK 4BE-25,15.38659096,8.059e-05,97.3798,0.00034336337,0.00013036,457.2,93.59
60488,FLOCK 4BE-31,15.43823863,0.00010701,97.3798,0.00042066372,0.00018993,442.0,93.27
60489,FLOCK 4BE-20,15.37886346,0.00022151,97.3697,0.00031895857,0.00011802,459.5,93.64
60490,FLOCK 4BE-23,15.3750738,0.00019244,97.3779,0.00030403496,0.00011107,460.6,93.66
60491,FLOCK 4BE-15,15.58574418,0.00023032,97.3687,0.0010832586,0.00083529,398.9,92.39
60492,FLOCK 4BE-17,15.39587622,0.00016155,97.3773,0.00035086417,0.00013735,454.5,93.53
60493,NUSAT-50 (NANCY ROMAN),15.2973914,0.00028422,97.3787,0.00029538679,8.436e-05,483.7,94.13
60494,FLOCK 4BE-22,15.40962911,0.00021308,97.3734,0.00034130858,0.0001398,450.4,93.45
60495,FLOCK 4BE-34,15.4096595,0.00020611,97.3781,0.00036505938,0.00014962,450.4,93.45
60496,TYCHE,15.25932943,7.382e-05,97.3755,0.00015514462,3.908e-05,495.1,94.37
60497,FLOCK 4BE-32,15.41934996,0.00021536,97.372,0.00039309713,0.00016649,447.5,93.39
60498,NUSAT-48 (HENRIETTA LEAVITT),15.30003791,0.00025404,97.3914,0.00029391513,8.462e-05,482.9,94.12
60499,FLOCK 4BE-30,15.54863623,0.00033165,97.3779,0.001639696,0.00110651,409.7,92.61
60500,NUSAT-49 (KLARA DAN VON NEUMANN),15.29834946,0.00015527,97.3781,0.00026338658,7.535e-05,483.4,94.13
60501,FLOCK 4BE-11,15.42762344,0.00023119,97.3701,0.00035764438,0.00015562,445.1,93.34
60504,YAM-7,15.31726634,0.00024326,97.3783,0.0002175611,6.587e-05,477.8,94.01
60505,FLOCK 4BE-24,15.42816293,0.0002552,97.3712,0.00043183,0.00018851,444.9,93.34
60506,LUR-1,15.30015041,0.0003365,97.3738,0.00021893,6.285e-05,482.9,94.12
60507,TANAGER-1,15.44922363,0.00032272,97.2727,5.8018698e-05,2.64e-05,438.7,93.21
60508,EAGLEEYE,15.69668366,0.00034342,97.3717,0.00077403148,0.00092367,367.0,91.74
60509,FLOCK 4BE-29,15.43926186,0.00015848,97.3808,0.00035403895,0.0001602,441.7,93.27
60510,TRANSPORTER-11 OBJECT AU,15.40036064,0.00024669,97.373,0.00032680291,0.00012977,453.1,93.5
60511,FLOCK 4BE-2,15.51990332,0.00026467,97.3833,0.00085314369,0.0005147,418.1,92.78
60512,FLOCK 4BE-13,15.41710093,0.00027963,97.3719,0.00031878693,0.0001338,448.2,93.4
60513,FLOCK 4BE-27,15.34331959,0.00030083,97.3826,0.00025129837,8.275e-05,470.0,93.85
60514,FLOCK 4BE-9,15.40596672,0.00016381,97.3792,0.00035886122,0.00014527,451.5,93.47
60516,FLOCK 4BE-6,15.39398143,0.00022625,97.3787,0.00034881467,0.0001357,455.0,93.54
60517,FLOCK 4BE-14,15.40784762,0.00031718,97.3697,0.00034995241,0.00014254,450.9,93.46
60518,FLOCK 4BE-1,15.42384225,0.00028635,97.3778,0.00036217406,0.00015563,446.2,93.36
60519,FLOCK 4BE-28,15.4467079,0.00029678,97.3747,0.00038089346,0.00017688,439.5,93.22
60520,IPERDRONE.0,15.65695648,0.00029907,97.3775,0.00066633425,0.00067481,378.4,91.97
60521,TRANSPORTER-11 OBJECT BF,15.8167563,0.00051998,97.3758,0.0010298882,0.00210205,332.8,91.04
60522,CONNECTA IOT-2,15.23919024,0.00061833,97.3838,0.00017344459,4.121e-05,501.2,94.49
60523,PTD-R (TYVAK-0127),16.14437527,0.00107216,97.3869,0.0011751524,0.01440089,241.8,89.2
60524,CONNECTA IOT-4,15.41891525,0.00040699,97.3798,0.00038318885,0.00016206,447.7,93.39
60525,ORESAT0.5,15.44828795,0.00040545,97.3722,0.00037891933,0.00017693,439.0,93.21
60526,DEIMOS,15.4397754,0.00040871,97.378,0.00038545357,0.00017487,441.5,93.27
60527,CUAVA-2,15.3596275,0.00054859,97.3725,0.00030972285,0.0001077,465.2,93.75
60528,ERNST,15.39030193,0.00047884,97.3808,0.00033707818,0.00012956,456.1,93.57
60530,TORO,14.96398297,0.00017246,97.6784,0.00020208169,2.233e-05,585.2,96.23
60531,HYPSO-2,14.9876146,0.00012614,97.6821,0.00014553862,1.694e-05,577.9,96.08
60532,LEMU NGE,14.94927535,0.00025406,97.6843,0.00024300703,2.596e-05,589.7,96.33
60533,LEMUR-2-STELLA,15.11661191,0.00017292,97.6731,0.00059621632,0.00010082,538.3,95.26
60534,SATELIOT_2,14.96334387,0.00018244,97.6822,0.0001577741,1.728e-05,585.4,96.24
60535,NIGHTJAR,14.98989128,0.0002061,97.6862,0.00016656315,1.959e-05,577.2,96.06
60536,LEMUR-2-MARHISYAM,15.11118694,0.00031016,97.6879,0.00064712786,0.00010787,539.9,95.29
60537,SATELIOT_4,14.96643675,0.00034408,97.6738,0.00019021648,2.112e-05,584.4,96.22
60538,PICO-02A021,15.03169138,0.00054248,97.6731,0.00036415045,4.863e-05,564.3,95.8
60539,ICEYE-X43,14.99567631,0.00079107,97.677,0.00027984634,3.384e-05,575.4,96.03
60540,HAWK-10A,14.96489363,0.0004925,97.6891,0.00014987469,1.645e-05,584.9,96.23
60541,UMBRA-09,15.17842409,1.71e-05,97.6967,0.00077121389,0.00015561,519.5,94.87
60542,QPS-SAR-8 (AMATERU-IV),15.04072286,0.00050318,97.6669,0.00034282824,4.686e-05,561.5,95.74
60543,ARCTIC WEATHER SATELLITE,14.89795342,0.00034355,97.6802,7.4139227e-05,6.58e-06,605.7,96.66
60544,CAPELLA-15 (ACADIA-5),14.92406163,0.00056216,97.6771,0.00039607309,4.002e-05,597.6,96.49
60545,HAWK-10B,14.96491065,0.00068312,97.6811,0.00015611745,1.716e-05,584.9,96.23
60546,ICEYE-X39,14.99855171,0.00045932,97.6762,0.00023565637,2.861e-05,574.5,96.01
60547,UMBRA-10,15.17831081,9.897e-05,97.697,0.00073073244,0.00014734,519.5,94.87
60548,ICEYE-X33,15.00898546,0.000149,97.7254,0.00034404,4.32e-05,571.3,95.94
60549,ICEYE-X40,14.97909449,0.0006412,97.6804,0.00012385186,1.401e-05,580.5,96.13
60550,SATELIOT_1,14.9803531,0.00080386,97.6738,0.00017260903,1.983e-05,580.1,96.13
60551,BRO-14,14.96162492,0.00082,97.6877,8.5513e-05,9.06e-06,585.9,96.25
60552,SATELIOT_3,14.98030866,0.0006185,97.6825,0.00010576892,1.192e-05,580.1,96.13
60553,BRO-15,14.96131301,0.00096355,97.6801,0.00011657559,1.256e-05,586.0,96.25
60554,UM5-RIBAT,15.01038128,0.00037836,97.6641,0.00020822057,2.601e-05,570.8,95.93
60555,UM5-EOSAT,15.01474511,0.0008609,97.6684,0.00029627,3.772e-05,569.5,95.91
62391,LASARSAT,15.45910909,0.0008391,44.975,0.00071316,0.00035312,435.8,93.15
62394,CROCUBE,15.4779578,0.00082402,44.9722,0.0006699756,0.00035404,430.3,93.04
63213,TEVEL2-4,15.34347478,0.00045286,97.3918,0.00051593665,0.00017103,470.0,93.85
63214,TEVEL2-5,15.34197759,0.00045073,97.3913,0.00053328732,0.00017598,470.4,93.86
63215,TEVEL2-6,15.3417218,0.00045027,97.392,0.00048042043,0.00015829,470.5,93.86
63217,TEVEL2-1,15.33643468,0.00043523,97.3892,0.00052380106,0.00016982,472.1,93.89
63218,TEVEL2-3,15.33693057,0.00045943,97.388,0.00045004687,0.00014599,471.9,93.89
63219,TEVEL2-2,15.33646958,0.00043374,97.389,0.00054174536,0.0001757,472.1,93.89
63237,TEVEL2-9,15.316955,0.0007199,97.3953,0.00045314206,0.00013811,477.9,94.01
63238,TEVEL2-7,15.31404254,0.00072933,97.3954,0.00046405865,0.00014018,478.8,94.03
63239,TEVEL2-8,15.31361975,0.00071697,97.3952,0.000467774,0.00014112,478.9,94.03
66778,FORESAIL-1 PRIME,15.1863812,0.0003804,97.4201,0.00022914,4.678e-05,517.1,94.82
32790,CANX-2,15.05562263,0.00118288,97.8622,0.00021876972,3.09e-05,556.9,95.65
38767,AEROCUBE 4.5A,15.90634459,0.0019678,64.6258,0.0011263,0.00355417,307.6,90.53
39269,POPACS 2,14.91044989,0.0417121,80.9903,0.00020956,0.00012321,601.8,96.58
39270,POPACS 3,14.55994863,0.05527452,81.0014,0.00023925327,0.00010174,713.3,98.9
39423,WNISAT-1,14.58051388,0.0161723,97.7194,0.00012694314,6.47e-06,706.6,98.76
40037,PERSEUS-M2,14.95491359,0.00113119,97.9963,6.6539638e-05,6.76e-06,588.0,96.29
40045,AEROCUBE 6A,14.98032072,0.0039319,97.7224,0.00046997,5.583e-05,580.1,96.13
40046,AEROCUBE 6B,14.99486502,0.00389335,97.7232,0.000474951,5.861e-05,575.6,96.03
40965,AEROCUBE 5C,14.91422735,0.01304973,64.7678,0.00019882109,2.165e-05,600.6,96.55
40966,AEROCUBE 7,14.95683855,0.01202127,64.7626,0.0002442829,2.969e-05,587.4,96.28
40970,SNAP-3 ALICE,15.58530744,0.00300699,64.7494,0.0013901537,0.00110496,399.0,92.39
40971,LMRST-SAT,14.90559956,0.01317335,64.7764,0.00019793771,2.11e-05,603.3,96.61
40972,SNAP-3 EDDIE,15.59680207,0.00299196,64.7416,0.001399437,0.00116287,395.7,92.33
40973,PROPCUBE 3,14.94220686,0.01237331,64.769,0.00022000923,2.569e-05,591.9,96.37
40974,BISONSAT,15.16046287,0.00785013,64.759,0.0004641835,9.502e-05,524.9,94.98
40975,SNAP-3 JIMI,15.02241824,0.01058594,64.7651,0.00028205478,4.023e-05,567.1,95.86
40976,PROPCUBE 1 (FLORA),14.89191097,0.01304586,64.7753,0.0002180249,2.248e-05,607.6,96.7
40977,SINOD-D 3,14.93974085,0.01189396,64.7731,0.00026175381,3.036e-05,592.7,96.39
41849,RAVAN,15.54044642,0.00053699,97.9903,0.00070286654,0.00045623,412.1,92.66
41850,CELTEE 1,15.19618211,6.61e-05,98.0687,0.00022482611,4.711e-05,514.1,94.76
41851,OPTICUBE 04,15.09632915,0.00166213,98.0713,0.00012554024,1.953e-05,544.5,95.39
41852,AEROCUBE 8D,15.24304732,0.00043029,98.0698,0.00027926689,6.746e-05,500.0,94.47
41853,AEROCUBE 8C,15.24552283,0.00068033,98.0571,0.000270169,6.575e-05,499.3,94.45
43767,CORVUS BC4,15.12442705,0.00090026,97.4074,0.00020463247,3.496e-05,535.9,95.21
59066,SITRO-AIS 25,14.93479863,0.01442855,95.3914,0.00023353122,2.98e-05,594.2,96.42
59067,SITRO-AIS 26,14.93276772,0.01446408,95.3914,0.0002278281,2.893e-05,594.9,96.43
59068,SITRO-AIS 27,14.93693188,0.01436818,95.3914,0.0002138636,2.737e-05,593.6,96.41
59071,SITRO-AIS 28,14.93728456,0.01435819,95.3918,0.00018489336,2.363e-05,593.5,96.4
60240,OOV-CUBE (TUBSAT-30),15.02746418,0.00454437,61.995,0.00016003491,1.981e-05,565.6,95.82
60243,ROBUSTA-3A (MEDITERRANEE),15.11597596,0.00420788,61.9859,0.00035004805,5.875e-05,538.5,95.26
67683,KNACKSAT-2,15.59374405,0.00099749,51.6305,0.00052711994,0.00042223,396.6,92.34
57191,POLYTECH-UNIVERSE 3 (RS46S),15.19049755,0.00164581,97.5054,0.000217303,4.499e-05,515.8,94.8
59112,SONATE-2,15.58207311,0.00067204,97.5521,0.00052299602,0.00039539,400.0,92.41
60209,MESAT1,15.62487131,0.00089241,97.2316,0.00052924694,0.00047193,387.6,92.16
61746,COLIBRI-S (RS67S),15.47450701,0.0006417,97.3009,0.00037589381,0.00019217,431.3,93.06
61753,HORS 3 (RS81S),15.54515538,0.00040245,97.2992,0.00048454341,0.00031905,410.7,92.63
61754,HORS 4 (RS82S),15.59072972,0.00030897,97.2941,0.00061298655,0.00047909,397.5,92.36
61762,ARCTICSAT 1 (RS74S),16.13658022,0.0010294,97.2858,0.0010262923,0.01204176,244.0,89.24
61764,SIT-2086,15.52632623,0.00043848,97.2949,0.00054883556,0.0003378,416.2,92.75
61772,HYPERVIEW 1G (RS66S),15.74115316,0.00022637,97.2897,0.00048810265,0.00069962,354.3,91.48
61779,ALTAIR (RS65S),15.36900415,0.00117511,97.3046,0.00028944527,0.00010387,462.4,93.7
61781,ASRTU-1 (AO-123),15.35580188,0.00129676,97.3016,0.00020267802,6.947e-05,466.3,93.78
61784,SAMSAT-IONOSPHERE (RS75S),15.57052607,0.00061528,97.2963,0.00055759018,0.00040383,403.3,92.48
61785,RTU MIREA 1 (RS51S),15.60372024,0.00055437,97.2952,0.00058718346,0.00048229,393.7,92.29
64878,INNOSAT 16 (RS92S7),15.25386694,0.0009751,97.4555,0.00020336258,5.066e-05,496.8,94.4
64879,GEOSCAN 6 (RS92S6),15.30027624,0.00074538,97.4547,0.00032058699,9.25e-05,482.9,94.12
64880,GEOSCAN 1 (RS92S1),15.30612449,0.00074046,97.4544,0.00033682981,9.901e-05,481.1,94.08
64881,239ALFEROV (RS61S),15.32764171,0.00071101,97.4545,0.00040414845,0.00012725,474.7,93.95
64890,GEOSCAN 2 (RS92S2),15.30884188,0.00072521,97.4543,0.00033078761,9.804e-05,480.3,94.06
64891,GEOSCAN 5 (RS92S5),15.33082313,0.00057794,97.4537,0.00040053704,0.00012734,473.8,93.93
64892,GEOSCAN 4 (RS92S4),15.33232343,0.00058475,97.4541,0.00041131106,0.00013142,473.3,93.92
64893,GEOSCAN 3 (RS92S3),15.35175774,0.0005744,97.453,0.00049160054,0.00016729,467.5,93.8
64894,INNOSAT 3 (RS92S0),15.43362968,0.0005341,97.448,0.00073225799,0.00032687,443.3,93.3
